0.7776,1.4528,0.9604,1.0744,0.9604,0.6208,0.9748,1.3652,0.9664,1.5352,0.6536,0.8552,1.0744,0.8368,1.1072,0.8828,1.3004,1.3984,1.224,1.0844,1.106,0.9604,1.0628,1.0988,0.9128,1.0928,0.9748,1.0512,1.2888,1.1792,1.2268,1.0268,1.178,1.3768,1.1476,0.8624,1.3448,1.1692,1.2744,1.2384,0.9128,0.9072,1.2068,0.8396,0.8208,0.854,1.0324,0.7964,1.4544,0.7544,0.9056,1.0844,0.9704,1.1392,0.776,0.7576,0.7732,1.1448,0.9952,1.2544,0.8208,1.0312,1.1176,1.008,1.018,1.0008,0.9216,0.8972,0.854,0.9404,0.9388,0.9864,1.24,1.0312,0.9632,0.8424,1.574,0.8596,1.0972,1.538,0.9088,0.9016,0.628,1.1392,0.9776,1.3132,1.064,0.9416,1.0512,0.9648,1.1176,1.0152,0.7936,0.4996,0.9476,0.946,0.952,0.9028,0.7172,1.2556,1.1464,0.8512,1.0052,0.5716,0.8324,0.8944,0.9332,0.998,0.7792,0.9016,0.9548,0.9388,0.8912,0.7472,1.1896,0.9664,0.9664,0.956,0.7532,0.952,1.116,0.8396,0.7416,1.06,0.638,0.9648,1.0412,1.2296,0.8036,0.9604
0.7012,1.4428,0.9172,1.1104,0.962,0.602,0.9376,1.3912,0.9488,1.5652,0.674,0.8696,1.0096,0.848,1.0988,0.874,1.3276,1.3796,1.1924,1.0352,1.0784,0.962,0.9604,0.9476,0.89,1.1088,0.9116,1.0036,1.2284,1.2096,1.2152,1.0064,1.168,1.3248,1.1432,0.8972,1.3004,1.1908,1.2356,1.234,0.92,0.8424,1.0712,0.8972,0.8912,0.8624,1.1492,0.7992,1.5392,0.7012,1.0008,1.178,1.0928,1.0108,1.132,0.73,0.7748,1.0844,0.9836,1.1576,0.756,0.9216,1.0224,0.9476,1.0064,0.9244,0.8496,0.8264,0.8496,0.962,1.0024,0.9792,1.1248,0.998,0.8728,0.8684,1.4688,0.8756,1.0224,1.4632,0.992,1.0024,0.628,1.1044,0.9952,1.2068,1.0872,0.9864,1.0756,0.9748,1.07,1.0096,0.8624,0.5168,0.9388,0.982,0.9216,0.9304,0.756,1.2112,1.0656,0.8524,0.9532,0.56,0.8368,0.8728,0.9404,1.0672,0.7936,0.8308,0.8928,1.0268,0.8756,0.7676,1.1836,0.936,0.9188,0.962,0.7648,0.8336,1.024,0.9128,0.7948,1.06,0.6784,0.9288,1.024,1.198,0.8684,0.956
0.658,1.4084,0.8828,1.1232,0.9416,0.6264,0.8468,1.3464,0.9416,1.512,0.622,0.8668,1.0168,0.73,1.0816,0.8308,1.2844,1.3132,1.1304,1.0224,1.0528,0.8984,0.9592,0.8956,0.854,1.0456,0.8856,0.9172,1.172,1.1664,1.2212,0.9432,1.106,1.276,1.142,0.8728,1.24,1.1288,1.3636,1.3276,1.0124,0.8956,1.054,0.9676,0.89,0.9072,1.024,0.8152,1.4344,0.8352,0.9632,1.07,1.1072,1.008,0.8524,0.7776,0.7472,1.08,0.9476,1.224,0.7532,0.936,1.008,0.9476,0.956,0.9604,0.7864,0.7676,0.8624,0.9488,0.9764,1.0856,1.0944,0.8496,0.8684,0.7936,1.2556,0.9188,1.0252,1.456,0.982,0.992,0.5804,1.0744,0.998,1.204,1.0384,0.9864,1.0484,0.9764,1.1,0.9952,0.844,0.6104,1.0324,1.0612,0.9056,0.8768,0.7,1.2368,1.06,0.9128,1.1,0.7172,0.972,1.0136,1.0816,1.2528,1.132,1.1404,1.0656,1.1564,1.0496,0.9548,1.2904,1.1132,1.0612,1.1216,0.9404,0.988,1.1032,1.1232,1.0384,1.348,0.7832,1.096,1.178,1.1836,0.8512,0.9592
0.6884,1.3912,0.818,1.1044,0.9172,0.5472,0.818,1.358,0.9648,1.4976,0.5732,0.8208,0.988,0.7328,1.1032,0.812,1.2428,1.3248,1.0744,0.988,1.0268,0.8956,0.9172,0.8984,0.8408,1.0656,0.8956,0.8972,1.1824,1.1088,1.1592,0.9056,1.06,1.3088,1.1332,0.8092,1.2528,1.1492,1.2788,1.3652,1.0684,0.8424,0.9908,0.838,0.848,0.8496,1.0036,0.7876,1.3808,0.7516,0.9764,1.0728,1.1404,1.0052,0.828,0.7432,0.746,1.0888,0.988,1.1808,0.73,0.9764,1.0208,0.916,0.9028,0.9344,0.7516,0.7632,0.9416,1.0424,0.8352,1.1204,1.096,0.8524,0.9016,0.8252,1.2428,0.8828,1.0008,1.4156,1.0772,1.008,0.5372,1.0352,0.844,1.1288,0.8912,0.9,0.9676,0.8668,0.9792,0.9488,0.8424,0.596,1.028,1.044,0.9792,0.8712,0.7172,1.2096,1.0856,0.9316,1.0584,0.7676,1.0712,1.054,1.1044,1.1392,0.9808,1.064,1.2224,1.2068,1.0872,0.9388,1.3336,1.1,1.0396,1.1132,0.9128,0.9128,1.0384,0.9532,0.8192,1.1116,0.658,1.0384,1.0944,1.116,0.812,0.9416
0.704,1.3132,0.8496,1.096,0.956,0.5256,0.8368,1.3336,0.9432,1.5136,0.5644,0.8308,0.9144,0.7648,1.0712,0.844,1.2428,1.2616,1.0352,1.0064,1.0296,0.8712,0.8856,0.9016,0.8324,1.0672,0.8396,0.8912,1.1824,1.1088,1.1576,0.9188,1.0268,1.2832,1.1132,0.7992,1.2584,1.1432,1.1692,1.2068,0.926,0.8352,0.9664,0.7848,0.7992,0.8596,0.9704,0.7732,1.3724,0.6956,0.8552,1.0972,1.0872,1.024,0.8496,1.0052,1.024,1.332,0.9692,1.1608,0.7244,0.926,1.0208,0.9,0.9172,0.91,0.7748,0.7748,0.8048,0.988,0.854,1.0208,1.1752,0.8452,0.9632,0.8064,1.2584,0.7792,0.9316,1.208,0.952,0.9664,0.576,1.0772,0.926,1.1648,0.9448,0.9964,1.0196,0.9216,1.0296,0.9704,0.8008,0.5472,0.972,1.0064,0.9448,0.874,0.684,1.1864,1.0468,0.9,1.0556,0.6796,0.9344,1.0296,1.0528,1.0352,0.8872,0.962,1.1288,1.3016,1.1592,0.8612,1.2544,1.0224,1.0352,1.06,0.8368,0.8972,1.0484,0.9836,0.7848,1.1044,0.6236,1.0412,1.0972,1.2196,0.8152,0.9664
0.6912,1.2944,0.828,1.0756,0.9848,0.632,0.766,1.3336,0.9128,1.46,0.6192,0.8252,0.8884,0.756,1.0568,0.8252,1.1852,1.3088,1.0628,1.0024,1.07,0.8624,0.926,0.8452,0.8352,1.0384,0.838,0.884,1.1476,1.0728,1.0916,0.9376,1.0872,1.2716,1.0784,0.7776,1.2168,1.1044,1.1792,1.2356,0.9272,0.848,0.9272,0.7904,0.7892,0.818,0.9908,0.7432,1.3696,0.6968,0.8668,0.9604,0.9808,1.0712,0.8324,0.8048,0.736,1.1952,0.92,1.178,0.7144,0.946,0.9776,0.9072,0.8872,0.9144,0.7488,0.7792,0.756,0.8784,0.8064,0.9704,1.1936,0.8224,0.952,0.7776,1.1996,0.7892,0.9448,1.07,0.9144,0.8812,0.5168,1.0224,0.884,1.106,0.8452,1.0368,0.962,0.8684,0.9664,0.8756,0.792,0.4912,0.9088,0.946,0.9072,0.8872,0.6884,1.1852,1.0512,0.8684,1.018,0.7,0.8984,0.9504,1.0368,0.998,0.8524,0.9332,0.998,1.0744,1.0168,0.8596,1.2556,1.0152,1.018,1.0268,0.8408,0.8756,1.0424,0.9316,0.7876,1.1088,0.72,1.054,1.1204,1.2904,0.9664,1.198
0.7748,1.4068,0.8972,1.054,0.9448,0.6496,0.838,1.3176,0.9044,1.528,0.6208,0.802,0.9,0.7184,0.9992,0.7676,1.1952,1.312,1.0872,0.9864,1.0584,0.8928,0.8696,0.8884,0.838,1.0352,0.802,0.8972,1.162,1.0628,1.1288,0.916,1.07,1.2484,1.1116,0.7832,1.2184,1.0672,1.1792,1.188,0.9548,0.8252,0.91,0.8064,0.7648,0.828,0.9632,0.7632,1.424,0.6884,0.8368,0.9548,0.9116,0.9576,0.7504,0.8296,0.8208,1.1536,1.064,1.1908,0.6956,0.9952,1.0456,0.8956,0.8856,0.8884,0.7616,0.7056,0.7432,0.8524,0.7864,0.9504,1.08,0.8152,0.916,0.776,1.1664,0.7588,0.926,1.0756,0.9504,0.8452,0.5732,1.0684,0.8596,1.132,0.8972,0.9476,0.9604,0.9232,1.0036,0.9244,0.9128,0.6508,0.992,1.0496,1.0268,0.8812,0.7288,1.2268,1.0456,0.884,1.0512,0.9488,0.9316,0.9488,1.0312,1.0196,0.8612,0.992,1.0512,1.0916,1.0512,0.8828,1.2816,1.0412,1.09,1.0568,0.8496,0.9216,1.0684,0.916,0.766,1.0784,0.854,1.0324,1.0828,1.0384,0.8568,0.998
0.7316,1.4732,0.9548,1.132,0.9388,0.6336,0.7532,1.2988,0.9216,1.4444,0.5776,0.8108,0.9188,0.7012,1.0844,0.7748,1.1864,1.2788,1.0916,0.9088,1.0456,0.8668,0.9016,0.8956,0.8108,1.024,0.89,0.91,1.1968,1.1044,1.1332,0.9144,1.0396,1.2728,1.1376,0.802,1.2716,1.08,1.1576,1.2196,0.9232,0.8164,0.9388,0.7084,0.7516,0.8236,0.92,0.766,1.3636,0.6812,0.8252,0.9316,0.9188,0.946,0.7328,0.7388,0.7976,1.1392,1.1548,1.2556,0.972,0.9272,1.1044,1.0064,0.9952,1.0168,0.756,0.7244,0.71,0.8584,0.7904,0.9632,1.0916,0.8048,0.8252,0.7444,1.1936,0.74,0.92,1.0512,1.028,0.828,0.6452,1.1288,0.9128,1.1592,0.8884,0.92,0.9144,0.92,0.992,0.8884,0.7732,0.5372,0.9632,1.0352,0.972,1.0224,0.7804,1.204,1.0324,0.8396,1.142,0.7632,0.9216,0.9704,0.9864,1.0024,0.8296,0.9316,1.0252,1.1044,1.0108,0.8336,1.2328,1.0384,1.0456,1.0424,0.8552,0.9128,1.0368,0.9316,0.864,1.07,0.7876,1.2196,1.2656,1.1432,0.8928,1.054
0.7372,1.4156,0.9016,1.064,1.0036,0.5992,0.8092,1.2988,0.91,1.46,0.596,0.8768,0.8884,0.7072,1.0856,0.7444,1.2384,1.286,1.0672,0.9028,1.024,0.8152,0.92,0.854,0.7964,1.0368,0.8524,0.8712,1.1404,1.0972,1.1576,0.9504,1.0828,1.276,1.1504,0.7904,1.1996,1.0456,1.1564,1.25,0.9232,0.8496,0.92,0.7272,0.7804,0.792,0.9344,0.7488,1.522,0.7864,0.9028,0.9592,0.916,0.962,0.7488,0.7,0.6884,1.0396,0.9736,1.2296,0.8712,1.0036,1.0312,0.9704,0.92,0.9748,0.7904,0.8152,0.746,0.8668,0.7864,0.9432,1.0784,0.8264,0.838,0.8048,1.1648,0.7272,0.9144,0.9748,0.9548,0.838,0.622,1.1376,0.9792,1.2184,0.9692,0.9676,1.0136,0.946,1.0816,0.9604,0.7216,0.4924,0.9072,0.9488,0.8944,0.8468,0.7416,1.208,0.9964,0.8468,1.0312,0.6956,0.884,0.982,0.9848,0.9776,0.812,0.9128,0.982,1.0916,0.9488,0.8192,1.2544,1.0008,1.0252,1.0656,0.8236,0.8912,0.9848,0.988,0.7748,1.1032,0.638,1.054,1.1636,1.1708,0.88,1.0312
0.7012,1.368,0.8296,1.132,1.0368,0.5444,0.7904,1.306,0.91,1.4744,0.5632,0.8252,0.926,0.7156,1.0584,0.746,1.1864,1.2672,1.0844,0.9316,0.956,0.8092,0.8912,0.8728,0.7936,1.0628,0.812,0.8624,1.106,1.1392,1.1464,0.9,1.1016,1.2688,1.1132,0.8236,1.168,1.034,1.2716,1.2528,0.9332,0.8208,0.9044,0.72,0.7904,1.0484,0.9028,0.7388,1.4616,0.6928,0.8696,1.0036,0.91,0.9244,0.7648,0.7128,0.7012,1.0352,0.9056,1.0252,0.7244,0.9736,1.1072,0.9088,0.8872,0.8568,0.802,0.7776,0.8656,0.8972,0.8296,0.9476,1.0584,0.9056,0.8712,0.8136,1.2112,0.7544,0.9028,0.9892,0.9232,0.88,0.5284,1.1332,0.9808,1.2152,0.9488,0.9632,1.0008,0.9504,1.0512,1.018,0.8192,0.4696,0.8568,0.9128,0.8656,0.8424,0.6812,1.2904,1.1304,0.7864,1.0468,0.6824,0.8552,0.9304,0.92,0.9604,0.766,0.8756,0.9404,1.0744,0.956,0.8136,1.332,1.0368,0.9952,1.0424,0.792,0.9072,1.0324,0.8956,0.7848,1.1188,0.6896,0.9848,1.1952,1.1908,0.9316,1.0584
0.694,1.3392,0.7936,1.0816,0.9936,0.6424,0.7688,1.3336,0.8584,1.46,0.622,0.792,0.8956,0.7372,0.992,0.72,1.1752,1.26,1.0108,0.8612,0.9632,0.7532,0.8984,0.8596,0.802,1.0252,0.8496,0.864,1.0784,1.0528,1.0972,0.89,1.1,1.1736,1.2916,1.0108,1.208,1.0324,1.1304,1.2832,0.9,0.8424,0.884,0.7228,0.7732,0.884,0.8972,0.7688,1.4428,0.7156,0.8612,1.024,1.0052,0.9576,0.7616,0.6696,0.6956,1.0512,0.9072,1.0384,0.694,0.9488,1.126,1.0496,1.0468,0.9576,0.7184,0.7172,0.8424,0.9648,0.884,0.9676,1.0568,0.9432,0.874,0.7832,1.2572,0.7472,0.8728,0.9936,0.9704,0.9836,0.4796,0.9836,0.884,1.136,0.91,0.9504,0.9676,0.884,1.0136,0.956,0.8208,0.4952,0.9764,0.9776,0.8396,0.8308,0.674,1.1736,1.0096,0.73,0.9172,0.6452,0.7676,0.8164,1.0312,0.8928,0.6784,0.818,0.848,0.962,0.8696,0.7704,1.2284,0.9044,0.9,0.9304,0.7272,0.864,1.0052,0.9272,0.844,1.0528,0.6524,0.9892,1.1044,1.1752,0.8956,1.064
0.6928,1.3192,0.7964,1.1072,1.008,0.7112,0.8712,1.24,0.8236,1.4416,0.6264,0.7832,0.8612,0.6752,0.982,0.7576,1.1664,1.1304,0.972,0.8252,0.9808,0.7804,0.89,0.8656,0.8192,1.0324,0.8092,0.8756,1.054,1.064,1.1432,0.8928,1.1016,1.2124,1.1592,0.792,1.3348,1.0496,1.1896,1.2296,0.9288,0.8324,0.8784,0.7344,0.8224,0.8568,0.9072,0.7444,1.6156,0.8696,1.0064,0.9376,0.9808,1.0528,0.854,0.6856,0.736,1.0512,0.9332,1.0168,0.6984,1.0512,1.07,0.9316,0.8884,0.9892,0.7864,0.7964,0.772,0.9056,0.864,1.0196,1.0756,0.874,0.8324,0.7144,1.2544,0.8512,0.9332,1.0352,0.9792,0.9432,0.5024,0.992,0.7976,1.0784,0.8596,0.8884,0.9128,0.8352,0.9448,0.854,0.8408,0.5544,1.024,1.0124,0.8324,0.8468,0.7144,1.1276,1.0124,0.7328,0.8712,0.602,0.8308,0.8336,0.9028,0.8784,0.6868,0.8252,0.9172,0.9216,0.8812,0.7748,1.136,0.8856,0.8944,0.9188,0.7272,0.7876,0.8972,0.7964,0.6696,0.9692,0.5992,0.884,0.9664,1.198,0.8944,1.0312
0.7216,1.3076,0.7432,1.1016,1.0096,0.6784,0.7804,1.2068,0.808,1.3708,0.5184,0.7144,0.818,0.6308,0.9232,0.7028,1.2152,1.0324,0.9072,0.812,0.9664,0.7688,0.808,0.9028,0.8264,1.0008,0.792,0.848,1.0456,1.0168,1.0928,0.8452,1.06,1.1952,1.1104,0.8036,1.4068,1.188,1.296,1.3232,1.064,0.8308,0.884,0.72,0.972,0.8712,0.9044,0.7272,1.466,0.8496,0.936,1.1576,1.1288,1.1492,0.9448,0.7632,0.7228,1.0744,0.9648,1.2456,0.7028,1.024,1.1836,1.0208,0.9592,0.9144,0.7904,0.7904,0.7256,0.8208,0.8008,1.0684,1.0728,0.8036,0.8912,0.7244,1.172,0.8596,0.982,1.0756,1.0296,0.962,0.494,0.9952,0.8048,1.0888,0.8656,0.874,0.8956,0.838,0.946,0.8512,0.7648,0.5616,0.9736,1.0124,0.8468,0.848,0.7028,1.1548,0.9964,0.7216,0.8984,0.5876,0.792,0.8296,0.8828,0.8656,0.6928,0.8352,0.92,0.952,0.8512,0.7388,1.1504,0.9592,0.8972,0.9504,0.72,0.7832,0.8928,0.7864,0.6464,0.9748,0.5776,0.8768,0.9692,1.1332,0.848,0.982
0.658,1.2644,0.6868,1.044,0.9304,0.6668,0.7504,1.27,0.884,1.316,0.4808,0.664,0.8368,0.6536,0.972,0.7444,1.2224,1.0568,0.92,0.8152,0.926,0.7688,0.7388,0.8568,0.7244,0.9416,0.7128,0.8152,0.9776,0.9676,1.1104,0.8944,1.0412,1.2284,1.0312,0.7964,1.1764,1.0856,1.2152,1.2196,0.956,0.8296,0.8828,0.73,0.874,0.8856,0.91,0.7648,1.45,0.812,0.9216,1.1,1.064,1.1288,0.8728,0.9028,0.916,1.27,1.132,1.286,0.9188,1.0152,1.0856,1.1808,1.0988,1.1708,0.7472,0.74,0.72,0.8224,0.9764,1.178,1.0944,0.7936,0.926,0.7328,1.162,0.7948,0.982,1.0456,1.0168,0.9232,0.468,1.0052,0.7964,1.0744,0.884,0.8728,0.8756,0.854,0.9632,0.8656,0.7112,0.5024,0.8756,0.936,0.8524,0.8828,0.6824,1.1548,1.0096,0.72,0.926,0.6004,0.7688,0.8264,0.8624,0.884,0.694,0.7904,0.9304,0.8828,0.8856,0.7328,1.1648,1.0816,1.0456,0.8728,0.7,0.7792,0.8928,0.7616,0.6508,0.9836,0.566,0.8856,0.9848,1.1104,0.782,0.9908
0.7056,1.312,0.8008,1.0152,0.9332,0.6208,0.8408,1.2368,0.8352,1.3868,0.5284,0.7144,0.8712,0.7084,1.0052,0.7372,1.136,1.1188,0.9304,0.802,0.89,0.7804,0.7616,0.7876,0.6912,0.952,0.6596,0.7892,0.91,1.06,1.1476,0.874,1.0352,1.162,1.024,0.7804,1.1216,1.2368,1.1476,1.2284,0.9232,0.8224,0.8856,0.6912,0.8236,0.8596,0.9116,0.7516,1.424,0.8136,0.9344,1.0584,1.0208,1.07,0.838,0.8496,0.8352,1.172,1.0844,1.1232,0.8568,1.08,1.1936,1.142,1.106,1.1,0.9952,0.9676,0.8064,0.9056,0.8972,1.0844,1.198,0.8656,0.9488,0.8236,1.2284,0.8296,0.9892,1.0484,1.0352,0.9244,0.478,0.9964,0.7964,1.0656,0.8668,0.8768,0.9432,0.828,0.9936,0.8568,0.73,0.448,0.8668,0.9056,0.818,0.838,0.6912,1.1116,1.0136,0.7084,0.92,0.6164,0.776,0.8396,0.8424,0.8728,0.6956,0.7864,0.9304,0.8856,0.8984,0.7316,1.126,0.9232,0.9704,1.0916,0.854,0.7632,0.8756,0.7748,0.6552,0.9892,0.5068,0.8784,0.9736,1.0828,0.7604,0.9836
0.776,1.2976,0.8512,0.9448,0.8884,0.596,0.8208,1.1852,0.818,1.3984,0.5904,0.6856,0.8612,0.7084,0.926,0.7156,1.2296,1.172,0.9764,0.8336,0.9964,0.8424,0.8496,0.8656,0.7144,1.0052,0.7432,0.8424,1.0124,1.0064,1.1248,0.8668,1.0728,1.09,1.0816,0.7732,1.1648,1.1376,1.132,1.2184,0.8596,0.8336,0.884,0.7084,0.8324,0.8468,0.9044,0.74,1.4544,0.7848,0.8828,1.044,1.0108,1.1664,0.8224,0.8152,0.8264,1.1536,1.0208,1.0928,0.8048,1.018,1.1188,1.0352,1.0136,1.0024,0.952,0.936,0.92,0.9992,0.9808,1.1476,1.4096,1.1376,1.1608,1.0396,1.3912,0.9504,1.018,1.1348,1.0612,0.9952,0.4968,1.0136,0.838,1.0712,0.854,0.8784,1.0568,0.848,0.9288,0.848,0.7012,0.4464,0.8668,0.9188,0.8308,0.8236,0.6668,0.946,1.0064,0.7084,0.8912,0.6004,0.7848,0.8696,0.8368,0.8728,0.6624,0.828,0.9376,0.8928,0.91,0.7244,1.1332,0.9272,0.8712,0.9736,0.8108,0.874,1.0008,0.7876,0.6696,0.9116,0.5672,0.8984,0.9592,1.0872,0.7372,0.9172
0.7372,1.312,0.8352,0.992,0.9632,0.55,0.8192,1.224,0.8252,1.4488,0.5256,0.7688,0.8136,0.7056,0.9316,0.73,1.1636,1.1,0.9216,0.7504,0.9776,0.7616,0.7676,0.7748,0.6652,0.92,0.704,0.7416,0.9116,0.9692,1.0756,0.7992,1.0756,1.142,1.0568,0.74,1.178,1.0828,1.2196,1.204,0.8784,0.8324,0.8984,0.71,0.828,0.89,0.8872,0.7472,1.358,0.7416,0.8236,1.0456,1.0008,1.0744,0.8264,0.8048,0.8064,1.1276,1.0124,1.106,0.7936,1.0008,1.0844,0.9704,0.9776,0.9736,0.8656,0.8524,0.8612,0.962,0.9216,1.0872,1.2872,1.0224,1.024,0.8336,1.358,1.0036,1.1952,1.0872,1.0152,0.9576,0.5056,1.0136,0.8496,1.07,0.854,0.8756,0.9304,0.8308,0.9332,0.8596,0.7316,0.468,0.864,0.926,0.9376,0.8352,0.648,0.926,0.9952,0.7228,0.936,0.5832,0.7576,0.8296,0.8872,0.916,0.6896,0.874,0.9532,0.884,0.8956,0.7288,1.1132,0.8856,0.8912,0.9172,0.7328,0.9504,1.0368,0.792,0.6596,0.9404,0.592,0.89,0.952,1.0568,0.7388,0.8596
0.6264,1.296,0.7848,0.962,0.9488,0.54,0.8136,1.352,0.9304,1.5092,0.6352,0.7976,0.8596,0.7244,1.06,0.8192,1.26,1.1304,0.9792,0.8408,1.0108,0.828,0.8712,0.7964,0.7516,0.9764,0.7156,0.7704,0.952,1.0064,1.0728,0.9088,1.1708,1.162,1.0844,0.73,1.1792,1.09,1.224,1.2168,0.8944,0.8224,0.854,0.6956,0.7936,1.0396,0.8984,0.7848,1.6228,0.674,0.8352,0.982,0.9736,0.9952,1.0324,0.7848,0.8092,1.1332,1.0152,1.0612,0.7964,1.008,1.116,1.0108,0.982,0.9448,0.812,0.8512,0.8296,0.9316,0.9344,1.054,1.1824,0.9088,0.9476,0.8152,1.2872,0.8728,1.0268,1.1332,1.0196,0.9416,0.5184,1.0296,0.8568,1.0828,0.8584,0.8524,0.8872,0.8336,0.9476,0.8656,0.7948,0.4464,0.864,0.9188,0.9188,0.8236,0.6696,0.9432,0.9892,0.7892,0.992,0.6752,0.8164,0.8784,0.9388,1.06,0.7316,0.9548,0.9992,0.9332,0.9848,0.8008,1.1648,0.9736,0.9432,0.9592,0.766,0.874,0.9548,0.9116,0.772,1.0368,0.6496,0.936,1.0744,1.1592,0.6608,0.8624
0.6392,1.2512,0.7748,0.982,0.9604,0.5472,0.674,1.2584,0.9416,1.4228,0.5672,0.7688,0.88,0.792,1.0972,0.7372,1.2296,1.132,0.998,0.8036,1.024,0.8452,0.8496,0.8224,0.7588,0.9908,0.7948,0.8208,0.9704,0.9576,1.1304,0.9028,1.054,1.1144,1.1044,0.7172,1.1996,1.09,1.2584,1.2872,0.9848,0.8784,0.9144,0.7344,0.8884,0.9908,0.9448,0.7992,1.388,0.7028,0.8496,0.9764,0.9476,0.9808,0.7876,0.8008,0.8136,1.1764,1.0756,1.1088,0.8324,1.0196,1.1016,1.0052,1.0168,1.0136,0.8048,0.8468,0.9,0.9344,0.9332,1.034,1.1432,0.91,0.9272,0.8496,1.3032,0.8324,1.0168,1.172,1.028,0.9476,0.5788,1.1288,0.8352,1.0556,0.8712,0.8568,0.9072,0.8524,0.9272,0.8696,0.74,0.4492,0.88,0.91,0.9016,0.8152,0.71,0.9244,0.998,0.7444,0.9128,0.5976,0.7792,0.828,0.8584,1.0672,0.8584,1.0296,0.9388,0.8912,0.9016,0.72,1.1376,0.9692,0.8452,0.916,0.7156,0.7732,0.884,0.9116,0.8152,1.1908,0.566,0.8784,0.962,1.1864,0.6868,0.8668
0.6508,1.3292,0.7976,1.0168,0.9808,0.5732,0.74,1.3048,0.9172,1.4328,0.596,0.802,0.9216,0.7688,1.0584,0.7648,1.2008,1.1072,1.0584,0.8944,1.0324,0.7948,0.8008,0.8164,0.7848,0.9604,0.7748,0.8596,0.9764,1.018,1.1176,0.884,1.0412,1.2224,1.1044,0.7792,1.1576,1.0556,1.24,1.3624,1.0468,0.874,0.8972,0.7316,1.1072,0.9216,0.91,0.746,1.3796,0.6912,0.8136,0.972,0.9188,1.0816,0.7748,0.7084,0.7072,1.09,0.952,1.0208,0.766,0.9332,1.0856,1.0052,0.9676,0.9532,0.8612,0.828,1.0352,1.1132,0.9128,1.0584,1.1376,0.9232,0.9592,0.8568,1.2944,0.8784,1.0368,1.096,1.0268,0.9692,0.602,1.1348,0.916,1.188,0.9736,0.9476,1.0136,1.0744,1.0756,0.9864,0.792,0.5572,0.9864,1.0208,0.926,0.8324,0.674,0.9028,0.9864,0.808,1.0168,0.6064,0.766,0.8612,0.8568,0.9316,0.7228,0.8324,1.0744,0.9404,0.9404,0.7316,1.1432,0.9332,0.8712,0.91,0.7216,0.7792,0.8784,0.7976,0.7,0.9792,0.5356,0.8784,0.9232,1.0612,0.658,1.0064
0.7228,1.4112,0.7964,1.0036,0.956,0.566,0.648,1.2688,0.9376,1.45,0.7328,0.9964,0.9232,0.8108,1.0268,0.772,1.4112,1.2256,1.1908,0.8828,0.9764,0.766,0.88,0.8224,0.8048,0.9476,0.838,0.8324,1.0064,0.9792,1.162,0.8424,1.0224,1.172,1.1072,0.7936,1.1216,1.0784,1.172,1.2296,0.9244,0.8036,0.8756,0.6652,0.8872,0.8612,0.8884,0.7576,1.44,0.6912,0.8008,0.9532,0.8884,1.0872,0.7228,0.8524,0.91,1.188,0.884,0.9908,0.6884,0.8684,1.0096,0.8728,0.8512,0.8584,0.7948,0.8264,0.92,1.0928,0.9332,1.0456,1.0756,0.9188,0.92,0.854,1.286,0.8568,1.0528,1.0844,1.0096,0.9344,0.6192,1.2008,0.9488,1.244,1.0512,0.9964,1.0528,1.0168,1.1204,1.0384,0.9272,0.6308,1.0512,1.0756,0.982,0.8208,0.694,0.9216,0.998,0.8224,1.0008,0.7084,0.8684,1.034,0.9592,1.0468,0.7704,0.8408,1.126,1.1664,1.168,0.844,1.2112,0.9272,0.8712,0.926,0.7072,0.7876,0.8552,0.782,0.668,1.0024,0.5704,0.8496,0.9056,1.1132,0.7576,0.9448
0.684,1.3952,0.6956,1.0296,0.8912,0.5688,0.6968,1.24,0.9216,1.4456,0.6292,0.884,0.9648,0.9964,1.0556,0.7112,1.3192,1.312,1.168,0.9044,0.9632,0.7776,0.8912,0.818,0.7948,0.9532,0.802,0.844,1.0412,0.9792,1.2008,0.8612,0.9704,1.1692,1.0756,0.7832,1.1144,1.0712,1.1576,1.2384,0.92,0.8584,0.8696,0.6752,0.8192,0.8684,0.884,0.7864,1.424,0.7316,0.8252,0.916,0.946,0.982,0.9,0.6884,0.72,1.0916,0.92,0.972,0.6812,0.8524,0.9676,0.8928,0.8624,0.8596,0.6928,0.7328,0.812,0.8568,0.8756,0.946,1.0008,0.838,0.8008,0.7964,1.204,0.7472,0.9288,0.9808,0.952,0.8596,0.6032,1.1188,0.8828,1.178,0.9676,0.9648,1.0208,0.946,1.06,0.9548,0.8424,0.5804,1.0124,1.034,0.9676,0.8192,0.6896,0.926,0.9908,0.8008,0.998,0.6928,0.8784,1.064,0.9332,1.0468,0.8092,0.8524,1.0468,0.9848,0.9848,0.818,1.1924,1.0252,0.9736,0.9964,0.8208,0.8164,0.8696,0.7804,0.6712,0.9664,0.5888,0.8336,0.9072,1.0528,0.6596,0.844
0.7704,1.3624,0.8352,1.0136,0.8368,0.6524,0.668,1.2744,0.8756,1.45,0.6208,1.0136,1.0252,0.864,1.3048,1.0036,1.2944,1.2428,1.064,0.9044,0.9548,0.7976,0.8568,0.864,0.7848,0.9836,0.7936,0.8408,1.0296,0.982,1.172,0.8552,0.9704,1.1188,1.0928,0.7964,1.136,1.0268,1.142,1.1824,0.9144,0.8972,0.864,0.6928,0.7976,0.8296,0.8972,0.7388,1.3708,0.7216,0.884,0.9736,0.9056,0.936,0.7604,0.7112,0.6812,1.034,0.91,0.9792,0.694,0.88,0.9736,0.8972,0.864,0.8552,0.7184,0.704,0.7532,0.8048,0.828,0.9692,1.0064,0.7948,0.8064,0.7372,1.1936,0.7184,0.8972,0.952,0.916,0.8264,0.6192,1.1392,0.9316,1.1692,0.9632,0.9908,1.0468,0.9632,1.0468,0.9704,0.8552,0.5932,1.018,1.0468,0.9344,0.8584,0.6968,0.9648,1.034,0.7544,0.992,0.9432,0.9116,0.9632,1.0168,1.064,0.844,0.8712,1.08,0.982,0.9648,0.8396,1.2024,1.0312,1.0368,1.0412,0.7876,0.8756,0.8872,0.766,0.6928,1.0064,0.7516,0.828,0.9016,1.0656,0.6524,0.8612
0.7748,1.3652,0.7516,1.168,1.0096,0.6536,0.7256,1.1952,0.8036,1.3492,0.5932,0.8164,1.1448,0.776,1.0052,0.6868,1.142,1.172,0.9664,0.8352,0.9548,0.782,0.8756,0.8656,0.7864,1.0424,0.8236,0.8684,1.0324,0.9936,1.1764,0.7936,1.0772,1.0944,1.0928,0.812,1.1648,1.0684,1.178,1.208,0.9316,0.8324,0.8512,0.668,0.7864,0.8252,0.8768,0.7432,1.384,0.6856,0.8048,1.0888,0.9676,0.9532,0.7288,0.7028,0.6956,1.0672,0.9332,0.9764,0.8352,0.884,0.9736,0.8696,0.8612,0.8252,0.6984,0.6984,0.8008,0.8048,0.8108,0.936,1.008,0.776,0.8192,0.7576,1.1592,0.73,0.9172,0.9664,1.0468,0.7948,0.7532,1.1548,0.9448,1.1996,0.9692,0.9808,1.018,0.9632,1.0556,0.982,0.88,0.5704,0.9936,1.0424,0.8856,0.8352,0.6868,0.9664,1.0064,0.7216,0.9056,0.6768,0.8208,0.9072,0.9416,0.9704,0.7804,0.8424,1.018,0.9416,0.864,0.7648,1.1288,1.034,0.9764,1.0252,0.8164,0.8984,0.9908,0.756,0.6568,0.9704,0.6364,1.0744,1.132,1.0168,0.668,0.874
0.8264,1.3868,0.6896,1.1476,1.0756,0.6424,0.6752,1.1608,0.8136,1.3564,0.556,0.73,0.9188,0.6796,0.9792,0.7632,1.1304,1.1232,0.9648,0.7488,0.9504,0.8092,0.8252,0.8408,0.782,1.0108,0.8324,0.8728,1.018,1.0784,1.132,0.8252,1.0168,1.0844,1.0988,0.8152,1.1144,1.054,1.1276,1.1936,0.9116,0.8252,0.8728,0.6868,0.746,0.8192,0.8712,0.7676,1.5176,0.772,0.7964,0.9476,0.9808,1.0368,0.8264,0.802,0.8424,1.1332,0.9016,0.9792,0.766,0.8728,0.992,0.8596,0.8596,0.7976,0.694,0.694,0.792,0.8308,0.7936,0.9476,1.0108,0.7876,0.8368,0.7156,1.1648,0.7288,0.8884,0.9848,0.9056,0.8324,0.5356,1.2296,0.9232,1.172,1.0108,0.9632,0.998,0.9216,1.0224,0.9676,0.8224,0.5672,0.9604,1.034,0.8784,0.8092,0.6956,0.9304,0.9776,0.7372,0.9028,0.5948,0.7544,0.8136,0.936,0.88,0.7444,0.838,0.9604,0.8884,0.8252,0.7516,1.1188,0.916,0.9216,0.956,0.7576,0.9056,0.988,0.8656,0.746,1.0312,0.5704,0.9776,0.9992,1.0672,0.7,0.946
0.7028,1.3276,0.71,1.0856,1.0296,0.6668,0.6912,1.1216,0.8524,1.3364,0.5096,0.7244,0.9072,0.6712,0.9748,0.7616,1.1492,1.1032,0.9692,0.7216,1.2008,0.9604,1.0352,0.7936,0.7028,0.9232,0.7272,0.8192,0.946,0.9604,1.0844,0.776,1.0196,1.0528,1.1116,0.7688,1.1288,1.0412,1.28,1.2256,0.8972,0.8552,0.8972,0.6812,0.7488,0.8036,0.8668,0.7328,1.4168,0.8424,0.782,0.946,0.9044,0.9604,0.7976,0.8368,0.8236,1.2008,0.9316,0.9792,0.6984,0.9448,0.9664,0.8828,0.9056,0.838,0.6984,0.6496,0.7936,0.8192,0.8252,0.9332,1.0196,0.8164,0.8164,0.7144,1.1648,0.7144,0.8252,0.936,0.916,0.8252,0.4752,1.0108,0.91,1.1144,0.9288,0.9692,0.9908,0.9016,1.0168,1.0784,0.8308,0.5284,0.9592,0.9848,0.8612,0.8424,0.6712,0.9404,0.9704,0.7616,0.8944,0.592,0.7472,0.7848,0.8956,0.8524,0.7128,1.0152,0.8984,0.8756,0.848,0.74,1.2256,0.916,0.8812,0.9,0.7616,0.874,0.9776,0.8884,0.772,1.0672,0.658,1.0296,1.1032,1.0528,0.7948,0.9604
0.6812,1.3248,0.7532,1.0784,0.9232,0.6076,0.6596,1.1404,0.8468,1.3536,0.4752,0.71,0.884,0.6768,0.936,0.7072,1.1576,1.1216,1.0496,0.9736,0.9376,0.746,0.8108,0.7688,0.694,0.9272,0.6552,0.8008,0.936,0.9692,1.0712,0.9232,1.1376,1.0396,1.09,0.7904,1.0268,0.9592,1.126,1.208,0.812,0.8336,0.8884,0.6752,0.7444,0.8308,0.8684,0.736,1.4212,0.844,0.9016,0.9416,0.8956,0.956,0.7244,0.7904,0.7948,1.1736,1.1116,1.0988,0.756,1.0108,1.0944,0.9664,0.9304,0.9072,0.7288,0.5616,0.8252,0.802,0.7936,0.936,0.9664,0.7848,0.8468,0.7216,1.1536,0.7256,0.8584,0.9216,0.8872,0.9172,0.4304,0.9432,0.926,1.0612,0.8512,0.8812,0.9304,0.8452,0.936,0.9836,0.8036,0.53,0.9316,0.9864,0.7648,0.7948,0.6768,0.9244,0.9232,0.7892,0.8684,0.6004,0.7676,0.7948,0.8984,0.844,0.7288,0.9952,0.8928,0.8984,0.8468,0.7256,1.25,0.8872,0.8668,0.9272,0.7216,0.7604,0.956,0.88,0.8264,1.106,0.7112,1.0196,1.106,1.096,0.8656,1.0888
0.6248,1.3652,0.694,1.0656,0.9272,0.524,0.8092,1.1232,0.838,1.3636,0.4896,0.7184,0.8872,0.668,0.972,0.7084,1.09,1.1072,0.946,0.884,0.9344,0.7632,0.8192,1.0424,1.0024,1.1936,0.972,1.0528,1.2096,1.204,1.0136,0.8944,1.1736,1.3032,1.0484,0.756,1.008,0.9532,1.0928,1.1304,0.8224,0.854,0.8756,0.674,0.7632,0.8092,0.8768,0.7416,1.4932,0.7976,1.0556,1.1896,0.9764,0.9908,0.8092,0.7072,0.7316,1.0888,1.0484,1.064,0.776,1.0396,1.116,0.9488,0.9416,0.8624,0.8208,0.6048,0.8108,0.8324,0.7748,0.9936,0.982,0.7776,0.838,0.7288,1.1464,0.7184,0.8784,0.946,0.8872,0.89,0.4032,0.9216,0.9128,1.0512,0.8352,0.844,0.8828,0.854,0.9172,0.8812,0.7256,0.4708,0.8512,0.9316,0.782,0.7632,0.6624,0.89,0.9476,0.7288,0.8872,0.5832,0.756,0.7936,0.9188,0.8624,0.7488,1.0124,0.9188,0.8912,0.8728,0.7128,1.1104,0.9056,0.8408,0.8956,0.7056,0.7576,0.9088,0.8164,0.7544,1.0744,0.6752,1.0024,1.0496,1.1908,1.0352,1.24
0.6896,1.3392,0.8224,1.0744,0.9116,0.54,0.8224,1.116,0.8596,1.3592,0.5544,0.756,0.8568,0.6784,0.9736,0.7144,1.1216,1.08,0.9448,0.8064,0.9288,0.7416,0.766,0.7976,0.7504,0.92,0.74,0.8468,0.9748,0.9648,1.0252,0.8224,0.9908,1.0196,1.034,0.7056,1.1072,1.0412,1.136,1.198,0.9044,0.854,0.8756,0.658,0.7472,0.8324,0.8696,0.7372,1.466,0.7028,0.8856,1.132,1.0064,1.044,0.8092,0.72,0.7616,1.1132,0.988,1.0712,0.7832,0.9216,1.2256,1.0036,1.024,0.8696,0.782,0.586,0.8828,0.9244,0.8828,1.1032,0.9936,0.776,0.8944,0.736,1.1808,0.7172,0.854,0.9504,0.926,0.8552,0.4004,0.91,0.844,1.162,0.982,0.8568,0.884,0.8164,0.9172,0.8756,0.7344,0.4636,0.8584,0.9288,0.7732,0.7516,0.6668,0.884,0.926,0.72,0.8884,0.5904,0.7532,0.7792,0.8396,0.8496,0.7328,1.0424,0.8668,0.8612,0.8352,0.736,1.0856,0.9344,0.874,0.9376,0.7028,0.7488,0.8768,0.7648,0.6696,0.972,0.5888,0.956,1.028,1.136,0.8092,1.0496
0.7072,1.3016,0.6884,1.0136,0.8784,0.5544,0.7748,1.1808,0.9144,1.3492,0.5544,0.72,0.8584,0.6768,0.9388,0.7388,1.1216,1.0944,0.9776,0.8408,0.9232,0.7792,0.766,0.8324,0.7056,0.9476,0.74,0.8048,0.9632,0.9992,1.0888,0.7976,0.9936,1.0988,1.0756,0.7144,1.0656,0.9864,1.0568,1.1088,0.8336,0.8568,0.8656,0.7056,0.7532,0.8236,0.9016,0.7472,1.3996,0.6752,0.9344,1.1464,1.0872,1.0368,0.8324,0.7732,0.7876,1.09,0.9548,0.982,0.7128,0.9244,1.1332,1.0628,0.9892,1.034,0.7992,0.494,0.9056,0.9316,1.0872,1.316,0.988,0.9028,0.9604,0.8468,1.24,0.7676,0.8856,0.972,0.9648,0.8872,0.4248,0.9232,0.8524,1.1332,0.9044,0.828,0.884,0.8336,0.92,0.8656,0.736,0.4608,0.8264,0.9172,0.7616,0.7688,0.6928,0.8912,0.91,0.7344,0.9704,0.622,0.7504,0.7892,0.8264,0.8524,0.9072,1.07,0.9044,0.8728,0.844,0.73,1.0772,1.0672,0.988,0.8912,0.7012,0.7532,0.8728,0.8048,0.7072,1.028,0.5744,0.9016,0.9748,1.1088,0.7676,0.988
0.7056,1.3448,0.6552,0.9532,0.9044,0.596,0.7748,1.0872,0.8828,1.4328,0.6048,0.7848,0.9332,0.7472,0.982,0.802,1.1464,1.1188,1.0396,0.8424,1.0008,0.8252,0.8352,0.8612,0.7632,1.024,0.8452,0.848,1.0108,0.9592,1.0944,0.9028,1.0728,1.1248,1.1176,0.8264,1.07,0.9664,1.0872,1.1104,0.8352,0.8368,1.0208,0.6796,0.746,0.818,0.9056,0.7432,1.42,0.6912,0.8064,0.9648,0.9648,0.9344,0.7576,0.8036,0.802,1.1564,0.9908,1.1132,0.7,1.0008,1.2112,1.0196,0.9416,0.982,0.9592,0.7288,0.8152,0.848,0.8684,1.1104,0.92,0.8236,0.9376,0.7992,1.2296,0.8656,0.9648,1.054,1.044,0.9476,0.4436,0.9332,0.8568,1.1232,0.864,0.8224,0.9028,0.848,0.9216,0.8768,0.73,0.458,0.7992,0.9244,0.7532,0.7472,0.6796,0.8728,0.9288,0.71,0.9548,0.596,0.7228,0.7948,0.8308,0.8552,1.0296,1.1204,0.8856,0.9316,0.8208,0.7084,1.0784,0.9044,1.1648,1.1636,0.8712,0.7316,0.8452,0.772,0.7,1.0124,0.5372,0.9144,0.9792,1.1464,0.782,0.9548
0.7272,1.3464,0.6392,0.9316,0.9648,0.6148,0.6912,1.1492,0.9044,1.2916,0.5156,0.7256,0.8468,0.638,0.9836,0.7172,1.0844,1.0324,0.9044,0.8912,0.9128,0.8164,0.7964,0.7848,0.7156,0.9304,0.7848,0.8108,0.956,0.9792,1.1808,0.8164,1.0412,1.0844,1.0916,0.7444,1.2224,0.9792,1.198,1.224,0.8984,0.8424,1.0196,0.684,0.7344,0.8912,0.9172,0.7632,1.3796,0.6784,0.8252,0.9936,1.2112,1.0324,0.7072,0.6796,0.7532,1.07,0.9432,1.0628,0.8236,0.9548,1.1592,1.0136,0.9776,0.9028,0.8208,0.6452,0.8036,0.838,0.9056,1.126,1.2052,1.1088,1.162,0.9792,1.312,0.8956,0.9704,1.0396,1.0136,0.926,0.422,0.982,0.8768,1.1176,0.884,0.8612,0.9632,0.802,0.9244,0.8656,0.7244,0.448,0.8064,0.8928,0.7688,0.756,0.6436,0.8856,0.9116,0.7156,0.9344,0.5788,0.7444,0.7576,0.88,0.8568,1.0396,1.0772,0.9244,0.9304,0.8252,0.7976,1.0888,0.916,1.0988,1.1376,0.8036,0.818,0.9632,0.7616,0.6896,1.0064,0.5716,0.916,0.9704,1.1708,0.7604,0.9304
0.7732,1.3492,0.73,0.9128,1.0756,0.5788,0.7792,1.2772,0.9404,1.5768,0.6164,0.8512,0.9388,0.622,1.1348,0.9044,1.2888,1.0944,1.0064,0.9548,1.1548,0.9892,0.9416,0.8784,0.8008,1.0136,0.854,0.936,1.0224,1.018,1.3176,0.9548,1.1808,1.1576,1.168,0.838,1.3048,1.0368,1.2472,1.2772,0.988,0.8872,0.972,0.7184,0.7388,0.8768,0.9188,0.7432,1.46,0.74,0.8264,1.024,1.0312,1.1016,0.746,0.8612,0.7012,1.0584,0.936,1.08,0.8136,0.946,1.0612,0.9244,0.8872,0.7936,0.8152,0.8956,0.8224,0.864,0.8352,1.1,1.1188,1.0844,1.0612,0.8596,1.3392,0.9792,1.136,1.0828,1.0412,0.9648,0.4708,1.0368,0.8756,1.1116,0.8984,0.9116,0.9448,0.8208,0.9692,0.8684,0.7604,0.5084,0.838,0.8728,0.7576,0.7616,0.6968,0.9,0.9116,0.7876,0.9592,0.5888,0.7904,0.808,0.874,0.8208,1.0784,1.142,0.9172,0.962,0.8596,0.982,1.1,0.9376,1.1044,1.0456,0.72,0.8872,1.1072,0.7328,0.6768,1.008,0.638,0.972,0.9864,1.1448,0.7688,0.9432
0.8596,1.342,0.8396,1.0412,1.1608,0.6192,0.9088,1.394,1.1636,1.6084,0.772,0.9044,1.0568,0.8236,1.2644,0.8668,1.4356,1.3624,1.1852,1.3032,1.2184,1.1492,1.1072,1.096,0.946,1.1232,0.9808,0.9952,1.214,1.2184,1.4168,1.0672,1.1664,1.2224,1.2976,0.9848,1.2628,1.1564,1.2456,1.3636,0.992,0.946,0.9836,0.9808,0.8208,1.0036,1.1692,0.8236,1.5464,0.8768,0.9376,1.0468,1.0252,1.0352,1.0252,0.9736,0.7976,1.1432,1.0368,1.1072,0.8252,1.0844,1.1664,1.0456,1.0168,0.9952,0.7992,0.8656,0.838,1.064,0.8308,1.0484,1.0484,0.9736,1.2068,0.8496,1.2368,0.992,1.0124,1.1608,1.0584,0.9188,0.524,1.0628,0.9272,1.1116,0.9648,0.9272,0.982,0.884,1.0712,0.962,0.8912,0.5444,0.884,0.8812,0.8812,0.8784,0.72,0.9504,1.0008,0.8668,1.096,0.7084,0.8136,0.8984,1.0916,0.7388,0.9936,1.168,0.9332,0.9476,0.8912,0.9836,1.1996,1.0008,1.1116,1.0856,0.7288,0.7632,0.9548,0.8668,0.8192,1.0872,0.6136,1.0568,1.0352,1.2844,0.8496,0.998
1.198,1.306,0.92,1.142,1.368,1.0152,1.142,1.6184,1.512,1.738,0.9964,1.0096,1.2412,0.9604,1.312,0.9764,1.3608,1.5624,1.3204,1.4156,1.2384,1.2988,1.2152,1.2296,1.0528,1.2456,1.2184,1.0928,1.3448,1.4516,1.5364,1.0828,1.3592,1.2384,1.5064,0.956,1.3436,1.3852,1.3104,1.3924,1.0196,1.0512,1.1664,1.0556,0.9808,1.1232,1.2168,1.0568,1.6676,0.8884,1.044,1.2916,1.1692,1.2616,0.9548,1.188,1.0124,1.3436,1.2368,1.2284,0.998,1.2356,1.4228,1.2728,1.3104,1.3796,0.9964,1.0008,1.106,1.3796,0.9648,1.1852,1.188,1.224,1.512,1.1348,1.4344,1.0756,1.204,1.2716,1.2184,1.0108,0.9044,1.286,1.0556,1.2816,1.2024,1.096,1.08,1.1132,1.2212,1.1592,1.07,0.8064,1.3364,1.2484,1.1492,1.028,0.8612,1.0324,1.1792,0.9116,1.2212,0.8164,1.1,1.2112,1.4284,0.952,1.1216,1.3636,1.2744,1.054,0.838,1.2616,1.4256,1.1248,1.2672,1.2944,0.9504,1.0396,1.1332,1.2368,1.2356,1.5424,0.8352,1.2744,1.1968,1.512,1.1492,1.4168
1.4544,1.45,1.2888,1.3304,1.6472,1.43,1.3952,1.78,1.6172,1.8188,1.1276,1.1404,1.352,1.1072,1.4804,1.152,1.4312,1.6848,1.5208,1.4688,1.558,1.5048,1.3132,1.3996,1.214,1.3624,1.5092,1.3768,1.594,1.6228,1.7036,1.1232,1.3132,1.3592,1.5524,1.0008,1.4616,1.3624,1.3564,1.4128,1.168,1.0988,1.3448,1.0468,1.2196,1.3364,1.3652,1.0916,1.7512,0.9532,1.0872,1.4588,1.3248,1.2816,1.2832,1.2112,1.126,1.45,1.4632,1.358,1.0672,1.2556,1.4096,1.5652,1.4588,1.404,1.1824,1.2196,1.3924,1.63,1.1476,1.3868,1.5352,1.3408,1.6,1.3304,1.7036,1.1952,1.3492,1.3952,1.3536,1.1432,1.1824,1.6228,1.286,1.3996,1.3984,1.1836,1.198,1.3448,1.424,1.332,1.0468,0.7084,1.6472,1.3896,1.3492,1.2196,1.1132,1.2656,1.316,1.1464,1.4212,1.106,1.4284,1.548,1.5712,1.2628,1.4644,1.5984,1.6244,1.2932,1.142,1.5352,1.6372,1.3724,1.5136,1.604,1.4416,1.4816,1.4312,1.3624,1.5208,1.6172,1.0988,1.5464,1.7264,1.5696,1.4384,1.61
2.0044,1.574,1.6992,1.712,1.9224,1.5696,1.6272,1.9096,1.7912,1.8808,1.26,1.486,1.574,1.3076,1.6156,1.3824,1.8056,1.918,1.8188,1.9296,1.9384,1.738,1.5956,1.4816,1.3808,1.5956,1.7152,1.6344,1.738,1.8044,1.7768,1.2976,1.4816,1.44,1.5968,1.0468,1.5408,1.4012,1.5136,1.4948,1.26,1.1852,1.5464,1.2328,1.4976,1.4948,1.6172,1.2068,1.7164,1.09,1.2656,1.4128,1.3232,1.4516,1.4832,1.5884,1.5408,1.712,1.5208,1.4632,1.2112,1.61,1.7308,1.6272,1.5032,1.492,1.5148,1.4128,1.486,1.7352,1.4068,1.6948,1.9224,1.5784,1.7136,1.604,1.7812,1.3924,1.564,1.5868,1.5624,1.3336,1.3032,1.7872,1.512,1.4644,1.6544,1.28,1.4328,1.872,1.528,1.4888,1.2212,1.1476,1.8936,1.646,1.528,1.2356,1.162,1.3796,1.3624,1.2368,1.5092,1.1852,1.2976,1.6072,1.5912,1.4904,1.5624,1.6112,1.738,1.45,1.3652,1.5724,1.6504,1.4128,1.62,1.6244,1.4672,1.6072,1.4816,1.3364,1.404,1.7192,1.2184,1.6576,1.7524,1.846,1.8416,1.784
2.206,1.6732,2.196,1.9268,2.1168,1.7424,1.8272,1.9024,1.8936,1.9844,1.4356,1.7136,1.6976,1.6936,1.6976,1.3852,1.8476,2.0232,1.8848,1.9168,1.8448,1.7668,1.6228,1.6616,1.7152,1.6028,1.7252,1.7712,1.78,1.8188,1.64,1.3808,1.5464,1.5076,1.6256,1.096,1.6328,1.4788,1.5912,1.6272,1.2616,1.234,1.5884,1.7696,1.718,1.332,1.7396,1.3232,1.7768,1.2124,1.198,1.5596,1.5336,1.27,1.5464,1.5508,1.8016,1.7728,1.8808,1.6244,1.4068,1.7264,2.0936,1.6804,1.5752,1.5652,1.646,1.7596,1.702,1.9756,1.6316,1.7728,1.9656,1.7152,1.692,1.6328,1.8704,1.5104,1.6272,1.5176,1.7308,1.394,1.456,1.8836,1.5812,1.558,1.8056,1.4588,1.45,1.944,1.6012,1.4384,1.4992,1.5236,1.9412,1.7064,1.6244,1.2384,1.42,1.5192,1.6992,1.3232,1.5104,1.2184,1.378,1.6688,1.5524,1.5308,1.682,1.6372,1.8576,1.6,1.384,1.5496,1.7152,1.5308,1.6804,1.7612,1.3624,1.8332,1.5292,1.5436,1.6776,1.9152,1.5104,1.8692,1.9168,2.0708,2.0232,1.9512
2.1816,1.7668,2.3256,2.0404,2.3328,1.9468,1.9036,1.8836,1.9096,1.9784,1.4384,1.7236,1.9196,1.5768,1.8416,1.6056,1.8188,1.9744,2.0996,1.8936,1.8,1.6172,1.548,1.7108,1.502,1.6732,1.7584,1.7408,1.882,1.7812,1.6904,1.46,1.61,1.6848,1.9096,1.8792,1.6172,1.6084,1.8244,1.8044,1.2904,1.2916,1.646,1.6864,1.8604,1.4932,1.764,1.4616,1.8892,1.1896,1.3016,1.5768,1.4932,1.296,1.7552,1.4344,1.7956,1.7784,1.7928,1.8648,1.574,1.5408,2.0648,2.1068,1.7928,1.718,1.5624,1.8304,1.6216,1.9828,1.7064,1.7368,1.9136,1.7092,1.7108,1.934,2.0032,1.636,1.5524,1.5424,1.7612,1.4284,1.4876,1.8172,1.5856,1.6488,1.8,1.5308,1.682,1.9988,1.8304,1.7192,1.6704,1.6316,1.9064,1.7224,1.6864,1.2512,1.5508,1.5724,1.6544,1.4816,1.5424,1.492,1.384,1.8232,1.6864,1.6288,2.0232,2,1.9296,1.6288,1.404,1.5968,1.712,1.5292,1.7512,1.764,1.4068,1.7728,1.8808,1.568,1.79,1.9064,1.882,2.1268,1.8836,2.0348,2.1932,2.1268
2.2984,1.6128,2.458,2.2204,2.5256,2.1428,1.9224,2.0088,1.924,1.9772,1.5956,1.8288,1.9484,2.072,1.7984,1.2556,1.744,1.9556,2.3128,1.852,1.846,1.6028,1.6156,1.6072,1.4168,1.672,1.7224,1.6992,1.892,1.8056,1.6432,1.5608,1.748,1.9368,1.98,2.1268,1.558,1.6776,2.3776,2.0648,1.6516,1.5148,1.692,1.9484,1.8776,1.4488,1.6472,1.5524,1.7756,1.3608,1.466,1.6172,1.4544,1.2976,1.79,1.4372,1.7152,1.718,1.728,1.852,1.6732,1.4804,1.924,1.9972,1.7048,1.7048,1.78,2.006,1.7552,2.0044,1.9168,1.8388,2.042,1.826,1.7928,2.098,2.0248,1.728,1.6144,1.594,1.9628,1.4544,1.5308,1.8836,1.564,1.6964,1.7584,1.7684,1.6432,1.9224,1.8316,1.7584,1.7296,1.5608,1.8908,1.5696,1.6432,1.26,1.7164,1.636,1.6516,1.6228,1.7512,1.4744,1.4068,1.8964,1.6604,1.5292,1.8316,2.0404,2.0664,1.6588,1.4488,1.6516,1.6904,1.5652,1.8172,1.826,1.4788,1.846,1.944,1.6288,1.9024,2.0116,1.9512,2.592,2.2696,2.0824,2.2752,2.1512
2.36,1.6576,2.448,2.1428,2.3472,2.0852,1.8488,2.3344,1.9828,2.1296,1.6432,2.114,1.8144,2.3788,1.954,1.466,1.7136,1.7684,2.3444,1.8244,1.8764,1.6012,1.8704,1.4644,1.4932,1.8144,1.6488,1.692,1.8964,1.9036,1.4932,1.6,1.6892,1.8864,1.9584,2.0116,1.6992,1.826,2.1284,1.8848,1.5608,1.476,1.7512,2.0288,1.81,1.564,1.8404,1.5608,1.744,1.3492,1.3924,1.8864,1.5652,1.3348,1.9312,1.4992,1.9224,1.7524,1.6144,1.5868,1.7108,1.5004,1.9224,1.9124,1.61,1.496,1.8664,2.068,2.0072,2.0664,1.8188,1.9136,2.0348,1.9108,1.78,2.212,2.0608,1.7812,1.6904,1.646,1.8776,1.4616,1.4184,1.9136,1.6344,1.7668,1.6604,1.7512,1.7324,2.1816,1.8576,1.9168,1.7972,1.8028,1.9656,1.5608,1.6416,1.3292,1.728,1.5424,1.6432,1.6028,1.856,1.5032,1.456,1.8056,1.6444,1.6012,1.816,1.9816,2.0464,1.7944,1.7696,1.656,1.6876,1.6228,1.7912,1.7668,1.4888,1.8088,1.9456,1.5968,1.908,2.294,1.9628,2.6368,2.2592,2.036,2.2664,2.2392
2.3184,1.6648,2.4176,1.8952,2.3544,2.0432,1.8028,2.6668,1.8908,2.2636,1.6504,1.9656,2.186,2.458,1.872,1.6504,1.8908,1.8964,2.294,1.9136,2.1112,1.7336,2.1356,1.4284,1.5568,1.9712,1.6244,1.6832,1.8332,1.9368,1.6288,1.6964,1.7208,1.964,1.9756,1.9656,1.918,1.9456,1.9136,1.9872,1.5868,1.4444,1.8664,2.006,1.826,1.6128,1.7396,1.6488,1.6604,1.2672,1.5856,1.82,1.7236,1.7984,1.8908,1.61,1.9744,1.7368,1.672,1.6344,1.6576,1.6228,1.918,2.0216,1.6588,1.5336,1.7368,1.8604,2.0576,2.2204,1.7512,1.9312,1.9988,1.9568,1.7972,2.2984,2.14,1.9816,1.856,1.8128,2.0348,1.5784,1.4068,1.7408,1.672,1.8476,1.7048,1.7756,1.7396,2.1616,1.928,2.0664,1.7264,1.8304,1.8448,1.584,1.6732,1.3032,1.6472,1.5464,1.7152,1.5696,1.8532,1.4444,1.4112,1.8072,1.6732,1.64,1.7728,1.9528,1.9008,1.5896,1.5812,1.6444,1.7108,1.7624,1.7368,1.9024,1.4976,1.7512,1.9268,1.5524,1.9556,2.3372,1.9468,2.5084,2.1872,1.8892,2.0564,2.232
2.3328,1.6444,2.3644,1.8632,2.0952,2.1008,1.8016,2.4164,1.862,2.1932,1.7048,2.0476,2.2492,2.2852,1.8216,1.604,1.7768,1.7696,2.2392,1.918,2.0304,1.6504,1.8748,1.42,1.5408,1.9672,1.7192,1.8216,1.8648,2.0288,1.8116,1.7656,1.82,1.8704,1.8576,2.0304,1.8144,1.9352,1.7408,2.0032,1.5452,1.502,1.8432,2.078,1.9324,1.63,1.7308,1.728,1.7656,1.3592,1.5968,1.8216,1.6576,1.9756,2.0072,1.6344,1.836,1.7612,1.6876,1.692,1.97,1.604,2.0648,2.1184,1.6648,1.6632,1.6792,1.8388,2.206,2.396,1.754,1.9844,1.9424,1.9064,1.7884,2.2364,2.2608,1.9828,1.8936,1.9484,2.0764,1.6416,1.5452,1.7552,1.7352,1.8028,1.7092,1.9008,1.6272,2.0504,1.9484,1.9168,1.6616,1.8,1.862,1.61,1.6604,1.3264,1.5192,1.6588,1.7036,1.5568,1.8736,1.4616,1.3624,1.5784,1.6804,1.5568,1.7352,1.9152,1.9052,1.5668,1.532,1.528,1.6488,1.9828,1.6904,1.8604,1.4456,1.8964,1.964,1.744,1.9208,2.4696,2.1544,2.5904,2.0576,1.9196,2.0936,2.2796
2.1584,1.7092,2.5128,1.9628,2.0608,2.0736,2.1672,2.6324,1.8776,2.176,1.7424,2.0564,1.9756,2.1772,1.8244,1.5912,1.748,1.728,2.1688,2.0144,1.9384,1.7152,1.7136,1.7696,1.8604,2.1628,1.996,2.0492,2.15,2.212,1.61,1.5524,1.8172,2.1944,1.8504,2.1124,1.7164,1.9828,1.8072,1.9928,1.5176,1.4776,1.8504,2.0648,2.0104,1.6616,1.7944,1.64,1.9368,1.5452,1.9512,2.0896,1.6316,1.996,1.996,1.5868,1.9024,1.7468,1.7252,1.7684,2.0836,1.784,2.1068,2.114,1.7928,1.754,1.7324,1.8736,2.3212,2.3816,1.7136,1.9944,2.0896,1.9024,1.9628,2.2696,2.1284,1.9816,1.8952,1.96,2.104,1.7224,1.4948,1.8304,1.6848,1.8128,1.6804,1.8576,1.5824,2.0708,1.882,1.8764,1.6776,1.8432,1.8864,1.5508,1.6588,1.456,1.5812,1.6372,1.7264,1.45,2.0404,1.4444,1.3336,1.5424,1.6056,1.6012,1.712,1.872,1.892,1.4816,1.4456,1.4904,1.5896,1.8376,1.6776,1.7872,1.3752,1.97,1.898,1.79,1.7064,2.222,2.1184,2.2924,1.9684,1.9916,2.5576,2.3588
2.114,1.748,2.386,1.8244,2.0116,1.9584,1.9124,2.6584,1.8448,2.108,1.6316,1.8676,2.134,2.1744,2,1.5208,1.7584,1.7324,2.2132,2.036,1.8692,1.5856,1.4888,1.5308,1.5896,1.7612,1.8692,1.8448,1.9888,2.0464,1.63,1.3492,1.738,2.0044,1.8448,2.3528,1.784,1.8116,1.78,1.9396,1.4848,1.4212,1.7728,1.9656,1.8808,1.5884,1.6848,1.5784,2.062,1.5868,1.908,2.1484,1.7324,1.8848,1.9052,1.6012,1.99,1.8028,1.712,1.7264,2.1472,1.856,2.1052,1.964,1.8664,1.7252,1.8188,1.8748,2.3488,2.0304,1.738,2.0792,2.0936,2.016,1.9784,2.1976,2.1616,1.9672,1.7768,1.9124,2.078,1.636,1.5928,1.852,1.636,2.0088,1.7624,1.826,1.5192,2.1212,1.9136,1.98,1.6012,1.9008,1.9008,1.5264,1.6516,1.5496,1.7224,1.692,1.7596,1.4372,1.9784,1.5364,1.4948,1.4372,1.574,1.4948,1.7524,1.9064,1.8736,1.4904,1.5552,1.4904,1.6128,1.8576,1.826,1.846,1.3264,1.9152,1.784,1.7396,1.6704,2.0936,2.0824,2.0564,2.0504,2.0404,2.2364,1.8964
2.1184,1.6676,2.3672,2.0204,2.1024,1.8592,1.8232,2.5704,1.8964,2.1296,1.6948,1.98,2.15,2.2016,2.186,1.5536,1.7408,1.78,2.2868,2.0968,1.846,1.568,1.718,1.5596,1.7352,1.6604,1.9556,2.042,2.0752,2.0476,1.6184,1.322,1.7828,2.0332,1.9756,2.484,1.7872,1.8028,1.872,2.0536,1.5712,1.5076,1.718,2.0564,1.8244,1.568,1.5812,1.6976,1.8548,1.6072,1.9628,2.3228,2.4668,1.96,2.0924,1.6804,2.036,1.8748,1.9368,1.7324,2.1872,1.6992,2.1212,2.0736,1.9196,1.8216,1.8016,1.8964,2.2592,2.0304,1.918,2.1528,2.016,1.8664,2.006,2.16,2.1168,1.8808,1.7336,1.82,2.0448,1.558,1.574,1.8692,1.6732,1.9036,1.7624,1.9208,1.4788,2.026,1.928,2.0404,1.6936,1.872,1.8892,1.5984,1.6544,1.7872,1.7152,1.702,1.7756,1.5724,1.9268,1.7756,1.5336,1.5336,1.6244,1.5768,1.7264,2.1644,1.9124,1.5148,1.6648,1.5768,1.6504,1.852,1.8488,1.8592,1.2944,1.8736,1.8056,1.5984,1.6616,2.0232,2.1584,2.2824,1.9784,1.9052,2.186,1.928
2.1688,1.6516,2.2408,2.0564,1.9916,1.9136,1.908,2.5372,1.8836,2.1096,1.6992,2.0248,2.1716,2.2248,2.1184,1.5164,1.9324,1.9744,2.3156,2.0564,1.9496,1.6416,1.8288,1.62,1.8216,1.7728,2.0088,2.0376,2.3096,2.2608,1.7368,1.5148,1.8792,2.1484,2.1212,2.412,1.676,1.8736,1.6488,1.964,1.6344,1.6604,1.6992,2.026,1.8344,1.5452,1.4888,1.656,1.7972,1.5424,1.7768,2.2552,2.1184,1.9224,2.0304,1.712,1.964,1.8692,1.8936,1.9856,2.3444,1.7696,2.2232,2.1328,1.9224,1.862,1.7872,2.144,2.2088,2.0608,1.8504,1.9744,1.9484,1.8648,1.9224,2.1584,2.026,1.9872,1.9756,1.6936,1.8864,1.5536,1.6084,1.9556,1.656,1.9108,1.6688,1.9136,1.7468,1.9944,1.9312,2.0592,1.604,1.8072,1.892,1.5552,1.636,1.8952,1.6804,1.7036,1.8116,1.6792,1.9352,1.7656,1.4876,1.528,1.6848,1.6372,1.7552,2.2048,1.8748,1.5784,1.8748,1.5696,1.7296,1.8304,1.8116,1.9424,1.3696,1.8504,1.7668,1.6416,1.836,2.0044,2.0448,2.34,1.8448,1.826,2.284,1.6848
2.2624,1.7296,2.1328,2.0304,1.9944,1.9136,1.8592,2.3832,1.8316,2.088,1.656,1.924,1.9872,2.3068,1.924,1.548,1.9108,1.8936,2.34,2,1.888,1.8836,1.656,1.5164,1.6648,1.7656,1.9312,1.8088,2.072,2.1844,1.6948,1.4384,1.7624,2.1024,2.052,2.2696,1.6432,2.1068,1.646,1.8488,1.64,1.4616,1.7784,1.98,1.8964,1.5624,1.4992,1.7408,1.6444,1.5768,1.7352,2.1976,2.1772,1.9816,2.0792,1.6488,2.0072,1.816,1.6732,1.9368,2.3776,1.9656,2.1976,2.0936,1.8952,1.8532,1.888,2.1296,2.1904,2.4912,2.0476,2.0348,2.2048,2.0088,2.0952,2.3056,2.1256,2.2088,2.124,1.9168,1.9396,1.7812,1.6532,2.0032,1.816,1.996,1.7568,1.918,1.9672,2.1512,1.9496,2.32,1.6056,1.892,1.8692,1.568,1.62,2.052,1.7812,1.6288,1.8676,1.6184,1.872,1.6964,1.496,1.5596,1.6432,1.6288,1.8128,2.2292,1.7912,1.6904,1.6172,1.6256,1.6704,1.892,1.7696,1.9556,1.4112,1.9108,1.5968,1.5364,1.9628,1.8188,1.99,2.3932,2.0996,1.7928,2.1212,1.6488
2.1456,1.6028,2.0464,2.0088,2.0288,1.872,1.8604,2.4336,1.7512,2.032,1.6272,1.8776,1.9384,2.1456,1.8864,1.5104,1.8748,1.8016,2.3644,1.9208,1.8692,1.7624,1.548,1.4888,1.636,1.6676,1.7928,1.754,2.036,2.1024,1.6632,1.4848,1.728,2.0348,2.0392,2.4824,1.5928,1.98,1.564,1.8088,1.6704,1.5148,1.7224,1.944,1.8748,1.5164,1.584,1.6648,1.6256,1.5352,1.7784,2.0924,1.8792,1.856,1.9744,1.5436,1.8016,1.8116,1.5912,1.718,2.062,1.7972,2.186,2.0792,1.7452,1.8216,1.79,2.18,2.2076,2.5344,1.9988,2.114,2.17,1.9512,1.9928,2.2408,2.1816,2.376,2.2608,1.9568,1.9312,1.7728,1.62,2.0188,1.7612,1.9152,1.7624,1.8952,1.7784,2.1988,1.9916,2.2868,1.6776,2.0204,1.9584,1.6648,1.718,1.9124,1.6544,1.6604,1.8548,1.6892,1.9252,1.6056,1.5424,1.5148,1.64,1.5696,1.748,2.212,1.8908,1.7092,1.7612,1.5784,1.6316,1.8808,1.6732,1.9124,1.3984,1.712,1.636,1.666,2.032,1.7296,2.0764,2.324,2.3672,1.8116,1.9844,1.5264
1.954,1.5928,1.9224,2.0752,1.8748,1.7092,1.6576,2.1728,1.6676,1.98,1.5148,1.9208,1.9224,1.9352,1.8088,1.4992,1.836,1.7296,2.3588,1.7768,1.8044,1.6244,1.6344,1.4616,1.5968,1.6316,1.79,1.6936,2.0592,2.0448,1.5956,1.4456,1.8316,2.0188,1.9556,2.4712,1.682,1.9944,1.5912,1.898,1.6748,1.4976,1.6776,1.9208,1.8416,1.5524,1.6876,1.6216,1.5824,1.3508,1.5596,2.006,1.8216,1.7296,2.0216,1.5508,1.908,1.8432,1.5452,1.6316,1.862,1.676,1.9756,2.1224,1.9124,1.7468,1.728,2.1368,2.0792,2.4824,1.9324,2.0808,1.9784,1.8592,1.8476,2.1008,2.032,2.1744,1.9928,1.8144,1.8936,1.7324,1.568,1.9168,1.6172,1.8764,1.9484,1.8404,1.6704,2.0736,1.9208,2.1556,1.7552,2.042,1.9988,1.6804,1.7768,1.7984,1.62,1.6676,1.7596,1.6372,1.954,1.5696,1.5464,1.5048,1.6876,1.5568,1.728,2.2148,1.81,1.7108,1.7468,1.4616,1.6172,1.9816,1.702,1.8648,1.3032,1.558,1.5896,1.6216,2.1456,1.7108,1.9628,1.9496,2.2624,1.738,1.9684,1.5136
1.9496,1.6316,1.9152,2.0044,1.7192,1.6228,1.6676,1.898,1.6216,2.0432,1.4888,1.8676,1.8376,1.9888,1.7192,1.5176,1.872,1.7684,2.2624,1.8548,1.7884,1.62,1.7092,1.3852,1.5968,1.568,1.7496,1.7928,2.042,1.996,1.5336,1.384,1.8476,2.0648,1.9424,2.6984,1.6576,2.104,1.5352,1.8936,1.6992,1.5352,1.7036,1.9684,1.8432,1.6288,1.4848,1.6632,1.5104,1.2816,1.476,1.9684,1.6676,1.6432,2.0836,1.6316,1.9324,1.7972,1.548,1.6328,1.8344,1.7108,1.9124,1.9784,1.8116,1.9496,1.8676,2.0332,2.2652,2.3024,1.846,1.97,1.9484,1.7264,1.898,2.0248,2.0144,2.1788,1.9368,1.7192,1.784,1.6172,1.4516,1.964,1.486,1.8072,1.7768,1.7468,1.5076,2.0936,1.8736,2.016,1.6056,1.9816,1.934,1.6616,1.81,1.7756,1.6516,1.5984,1.7668,1.558,2.0072,1.4848,1.5292,1.4948,1.594,1.5336,1.8028,2.1788,1.636,1.7612,1.6992,1.4472,1.5724,1.8576,1.7396,1.9008,1.4212,1.6328,1.5724,1.4472,1.9396,1.6704,1.8792,2.072,2.1616,1.6776,1.7872,1.424
2.0576,1.6156,1.9672,1.7468,1.6128,1.7612,1.6676,1.934,1.5176,2.2248,1.3768,1.8604,1.718,1.9396,1.702,1.4168,1.7912,1.9712,2.2336,1.8316,1.8476,1.5336,1.636,1.3868,1.5668,1.5724,1.7252,1.8016,2.0692,2.0432,1.5652,1.3708,1.764,2.0824,1.9396,2.54,1.6444,2.0464,1.5812,1.9324,1.7596,1.4372,1.7424,2.114,1.8548,1.6012,1.486,1.6184,1.424,1.322,1.4528,1.8776,1.5912,1.6444,2.1456,1.4788,1.9208,1.6688,1.4084,1.584,1.8432,1.6372,1.9064,1.9108,1.702,1.8016,1.7884,2.0276,2.3416,2.242,1.954,2,1.954,1.7048,1.928,1.9916,1.9268,2.1976,1.9856,1.8028,1.8488,1.6172,1.4024,1.8764,1.476,1.7812,1.5768,1.6976,1.5364,1.9816,1.8664,2.0304,1.4168,1.8704,1.8028,1.4672,1.7064,1.7784,1.6156,1.594,1.712,1.6488,2.0608,1.6216,1.6676,1.5856,1.6864,1.8172,2.0032,2.3024,1.8848,1.8604,1.8736,1.5856,1.7224,1.8836,1.9052,1.9484,1.5752,1.8172,1.7308,1.5164,1.98,1.7656,2.1052,2.14,2.258,1.61,1.7252,1.424
2.1024,1.754,2.0376,1.7596,1.6532,1.8892,1.682,1.8952,1.4416,2.2824,1.4456,1.7368,1.928,2.0104,1.6544,1.4328,2.1384,2.0232,2.3184,2.1024,1.8792,1.5364,1.5768,1.3952,1.6216,1.6112,1.7712,1.8848,2.0924,2.114,1.5176,1.4328,1.9684,1.9468,1.9844,2.4248,1.6112,1.8664,1.5164,1.97,1.774,1.46,1.7768,2.0248,1.728,1.5912,1.4528,1.6228,1.45,1.306,1.4932,1.8144,1.7568,1.712,1.9684,1.5956,2.0564,1.7684,1.3984,1.522,1.7296,1.7872,1.8776,1.9208,1.6388,1.6848,1.754,2.2984,2.2952,2.304,2.0476,2.0204,1.9496,1.7624,1.9424,2.0492,2.0032,2.1976,2.0564,1.862,1.872,1.6112,1.5424,2.0464,1.63,1.9972,1.836,1.8764,1.6976,2.2176,1.9816,2.1384,1.6112,1.9124,2.0032,1.63,1.79,1.6444,1.7596,1.702,1.7408,1.6748,1.9944,1.6864,1.6216,1.7152,1.63,1.8116,2.016,2.2088,1.7856,1.7712,1.8648,1.5596,1.7048,1.8704,1.8116,1.862,1.5424,1.7712,1.6228,1.5896,1.8504,1.764,2.1152,1.8532,2.242,1.594,1.9324,1.4704
2.2376,1.7928,2.042,1.9988,1.774,1.856,1.692,1.8188,1.4572,2.2364,1.6648,1.8056,2.0648,1.8892,1.5208,1.3364,2.1472,1.8992,2.6252,2.006,1.9712,1.6112,1.6892,1.4012,1.6,1.604,1.9528,2,2.1096,2.186,1.6256,1.4312,2.0924,1.9784,1.9972,2.376,1.6444,1.8864,1.5812,2.3228,1.7296,1.4384,1.646,1.9584,1.7396,1.5724,1.486,1.6544,1.6576,1.3276,1.5364,1.7624,1.64,1.6488,2.0016,1.5824,2.1224,1.8648,1.4732,1.5856,1.7584,1.7972,1.996,2.1168,1.7368,1.846,1.718,2.0576,2.2924,2.232,2.078,1.9556,1.8648,1.7596,1.9468,2.062,2.0348,2.2032,2.2088,2.0504,1.898,1.6616,1.6388,2.0708,1.728,2.0304,2.0104,1.9064,1.9412,2.268,2.088,2.1312,1.5696,1.898,1.9108,1.7552,1.81,1.6056,1.7524,1.7452,1.8632,1.7008,1.9872,1.5956,1.6792,1.81,1.558,1.646,2.1112,2.2896,1.6976,1.9152,1.892,1.666,1.7468,2.016,1.8576,1.954,1.9268,1.6804,1.826,1.672,1.8892,1.9384,2.5172,2.1412,2.2248,1.5812,2.33,1.5496
2.1412,1.738,2.026,2.0664,1.8592,2.654,1.64,1.8316,1.4832,2.3788,1.4444,1.764,2.1872,2.1988,1.8892,1.5164,2.0896,1.7872,2.3472,1.9224,1.892,1.5452,1.594,1.522,1.8344,1.6676,2.0936,2.1788,2.176,2.1008,1.676,1.4948,2.2192,2.068,2.3284,2.3632,1.6388,2.0016,1.6228,2.3272,1.7048,1.3896,1.7064,1.9556,1.7152,1.5768,1.5248,1.7036,1.7584,1.5048,1.6588,1.8244,1.6676,1.7264,2.0896,1.7224,1.9856,1.6072,1.6012,1.594,1.8,1.9136,2.1212,2.3128,1.8648,1.9584,1.7668,2,2.258,2.1772,1.9512,1.928,1.79,1.6732,1.9268,1.9772,1.9784,2.1944,2.0952,1.856,1.8864,1.5176,1.6936,2.0504,1.6748,2,2.0032,2.0504,1.8272,2.3588,2.0464,2.232,1.6444,1.9772,1.9568,1.754,1.96,1.6804,1.9008,1.7164,1.738,1.7884,1.9816,1.754,1.846,1.9612,1.6344,1.6516,2.15,2.2016,1.7396,1.9124,1.97,1.7596,1.97,1.97,1.8388,2.006,1.9352,1.6792,2.0232,1.8604,2.104,2.212,2.3744,2.1356,2.2032,1.6732,2.438,1.5884
2.1888,1.744,2.0044,2.1832,1.9352,2.7056,2.1688,1.8376,1.5148,2.3056,1.3868,1.8432,2.1556,1.8388,1.8792,1.6372,2.2004,1.7368,2.1716,1.8936,1.99,1.61,1.5436,1.64,1.892,1.6648,2.1312,2.206,1.9512,2.0936,1.7036,1.5608,2.4208,2.1872,2.1556,2.2652,1.7596,2.0924,2.0204,2.3704,1.558,1.4112,1.7296,1.9208,1.6864,1.594,1.5752,1.6688,1.918,1.4572,1.676,1.918,1.7108,1.7308,2.3776,1.7584,2.0116,1.6748,1.7192,1.656,1.8244,1.8532,2.0476,2.3084,2.0176,1.9972,1.8548,2.068,2.3976,2.1644,2.032,2.0232,1.8376,1.7224,1.8664,1.934,2.0104,2.2232,2.1544,1.9196,2.0332,1.5192,1.8288,2.2076,1.8604,2.016,2.0304,2.1932,2.036,2.494,2.068,2.2868,1.63,1.9384,1.9208,1.7552,2.1224,1.7496,1.8648,1.676,1.8488,1.8664,1.9124,1.6804,1.6732,2.3644,1.6,1.7192,2.2448,2.068,1.692,1.9208,1.954,1.7612,1.9828,2.0072,1.8632,2.098,1.9368,1.692,1.8432,1.8044,1.9324,2.1672,2.3384,2.1184,2.1644,1.7524,2.4076,1.4428
2.196,1.6892,2.0072,2.1872,1.8776,2.7232,2.0332,1.8532,1.7668,2.3572,1.3896,1.7136,2.2636,1.944,1.9024,1.6848,2.2204,1.8172,2.3024,1.8736,2.052,1.7756,1.5508,1.6604,2.0032,1.7152,2.222,2.1832,1.98,2.3416,1.7828,1.5552,2.3572,2.2736,2.278,2.1384,1.9208,2.0144,2.0636,2.2564,1.5884,1.4312,1.7584,2.2004,1.7152,1.5884,1.496,1.6748,1.934,1.4688,1.6544,2.0664,1.6964,1.8776,2.3184,1.9512,2.072,1.81,1.7036,1.6,1.9224,1.8388,2.1328,2.2968,1.82,2.114,1.8,2.088,2.3128,2.1528,2.1412,2.0636,1.774,1.8432,1.7928,2.0088,2.1008,2.4032,2.2464,1.9712,1.9784,1.4688,1.7944,2.2264,2.0232,2.0376,2.1024,2.0548,2.1356,2.52,1.99,2.252,1.6488,1.9136,1.964,1.728,2.242,1.5552,1.8128,1.646,1.9136,1.748,1.9672,1.6244,1.8028,2.2868,1.6416,1.8188,2.2768,2.0852,1.6992,1.81,2.0032,1.7468,1.8952,2.0824,1.9008,2.0648,1.8776,1.8892,1.8,1.8316,2.2436,2.1008,2.5388,2.078,2.114,1.8736,2.5976,1.5568
2.1328,1.5968,2.1688,2.222,1.9584,2.7676,1.8764,1.8056,1.4312,2.32,1.5092,1.754,2.2176,2.0896,1.7768,1.7108,2.2824,1.6472,2.1456,1.8676,2.2264,1.8448,1.7768,1.672,2.14,1.744,2.206,2.0996,1.8648,2.1024,2.0836,1.4488,2.4292,2.222,2.3344,2.114,1.81,1.8892,1.9784,2.3112,1.5784,1.4848,1.6936,2.1772,1.6316,1.5796,1.558,1.6328,1.918,1.4528,1.7296,2.1096,1.9208,1.9396,2.3876,2.0248,2.232,1.8504,1.64,1.5812,2.0176,1.7928,2.078,2.2148,1.908,1.9312,1.852,2.242,2.206,2.1256,2.108,1.9468,1.7336,1.8748,1.7884,2.0088,2.1688,2.3732,2.2232,1.9916,1.9108,1.4228,1.7624,2.2148,2.026,2.0536,2.0608,1.9772,1.9368,2.5056,2.1168,2.1052,1.63,1.9756,2.0952,1.666,2.1832,1.5624,1.816,1.7092,1.8592,1.8056,2.0376,1.636,1.7424,1.8344,1.564,1.774,2.212,2.1296,1.784,1.738,1.9784,1.7756,1.898,2.0924,1.82,2.108,1.7568,1.98,1.892,1.8144,2.536,2.134,2.5328,2.134,2.1744,1.7656,2.4104,1.4744
2.1008,1.604,2.1932,2.0996,2.0304,2.5648,2.0476,1.702,1.9744,2.4164,1.5652,1.7568,2.2348,2.196,1.928,1.8016,2.2968,1.8116,2.196,1.898,2.2436,1.6876,1.6688,1.6676,2.0564,1.8504,2.2088,2.232,1.8864,2.0764,2.3544,1.5768,2.5804,2.3184,2.4164,2.2204,1.8304,1.8892,1.9728,2.3904,1.646,1.676,1.656,2.1096,1.6228,1.64,1.5928,1.604,1.8304,1.7224,1.8576,2.1428,1.862,1.8936,2.33,2.1816,2.14,1.9672,1.6388,1.64,2.0188,2.068,2.1256,2.2824,2.0636,2.0764,1.8344,2.2264,2.2336,2.1788,2.0648,1.9828,1.7828,1.9224,1.7944,2.068,2.0216,2.1976,2.1544,2.006,1.82,1.4372,1.8332,2.2436,1.9728,2.0952,1.996,1.918,1.9036,2.468,2.0968,2.098,1.6432,2.0664,2.0808,1.6604,2.1484,1.6488,1.7728,1.7812,1.8736,1.82,1.9584,1.5984,1.6488,1.7768,1.6084,1.7296,2.2088,2.016,1.97,1.8088,2.0188,2.0536,1.8748,2.1916,1.852,2.1584,1.7596,1.8288,1.816,1.718,2.6728,2.206,2.1268,2.2492,2.18,1.6904,2.5228,1.4472
2.104,1.6732,2.1296,2.1052,1.8808,2.4536,2.2696,1.8748,2.5012,2.2868,1.5248,1.6604,2.2104,2.206,1.8488,1.9844,2.104,1.8416,2.1616,1.8376,2.2724,1.5868,1.6504,2.2148,2.3832,2.0204,2.5216,2.4048,2.232,2.216,2.3904,1.6028,2.5316,2.2016,2.3328,2.2076,2.1976,2.0648,2.1528,2.536,1.9036,1.7136,1.7812,1.9468,1.836,1.6648,1.568,1.5436,1.8344,2.0216,2.258,2.1184,1.8764,1.8648,2.3024,2.0376,2.0332,2.216,1.5508,1.6632,2.088,2.078,2.1688,2.3428,2.14,2.1368,1.9324,2.5432,2.1356,2.2076,2.0996,2.1024,1.9584,1.8908,1.7828,2.1008,2.0144,2.15,2.1888,1.9568,1.7696,1.45,1.7252,2.232,1.8244,2.1124,2.0348,1.8404,1.7944,2.3588,1.9568,2.0232,1.5148,1.918,1.9744,1.5292,2.1196,1.6344,1.7552,1.7352,1.8044,1.6604,1.7972,1.558,1.5164,1.7728,1.568,1.682,2.1688,1.9412,1.8992,1.8648,1.9208,2.1384,1.7236,2.0536,1.7828,1.9684,1.7984,1.646,1.558,1.6804,2.5072,2.1284,2.2292,2.242,2.2984,1.8188,2.6308,1.568
2.0216,1.8016,2.1224,2.134,1.7568,2.3888,2.1124,1.7872,2.3328,2.2912,1.5824,1.692,2.2004,2.3716,1.7468,1.9684,2.0648,1.8592,2.1872,1.9512,2.1284,1.4084,1.5248,1.9988,2.026,1.5784,2.1484,2.2076,1.9384,1.8692,2.242,1.4848,2.3168,2.2104,2.2564,2.1484,2.3344,2.0088,2.0808,2.2924,1.7872,2,1.856,1.97,1.8304,1.7192,1.62,1.5712,1.8416,2.1112,2.4104,2.0908,2.0248,1.7668,2.3644,1.9196,2.0332,2.1256,1.558,1.9916,2.0692,2.0968,2.1772,2.2004,2.0608,2.1572,2.042,2.72,2.216,2.1644,2.1384,2.3572,1.99,1.9484,1.7728,2.1616,1.928,2.1904,2.15,1.8864,1.8532,1.486,1.8416,2.2536,1.7712,2.2292,2.0404,1.8272,1.78,2.2436,1.9312,2.016,1.486,1.8272,1.9972,1.5696,2.108,1.6516,1.7944,1.8632,1.8072,1.6172,1.6976,1.4804,1.5192,1.8476,1.532,1.6432,2.2376,2.0648,2.0044,1.7812,1.9024,2.17,1.6892,2.0448,1.8044,1.9672,1.6328,1.7524,1.5336,1.5984,2.1672,1.8936,2.1112,2.088,2.0376,1.6256,2.4464,1.3808
2.206,1.6616,2.2552,2.0836,1.6948,2.3832,2.0648,1.6904,2.5288,2.1068,1.4572,1.64,2.2336,2.2508,1.7192,1.9584,2.1168,1.8388,2.1212,2.0392,1.944,1.3624,1.6244,1.8476,2.0248,1.646,2.1224,2.3588,1.9628,1.892,2.1544,1.4932,2.324,2.1556,2.0736,2.0432,2.1628,1.9008,2.1256,1.918,1.6904,1.9312,1.8056,1.892,1.918,1.7756,1.6,1.5464,1.8028,2.0824,2.4076,2.4308,2.2736,2.0432,2.5848,2.0548,2.2132,2.3416,1.5696,2.2336,1.9944,2.0752,2.1268,2.1816,1.97,2.098,1.9844,2.648,2.3948,2.3644,2.2968,2.4868,2.0204,2.0248,1.99,2.484,2.0648,2.17,2.2408,1.9584,1.8016,1.7352,1.82,2.2048,1.744,2.2204,2.072,1.8216,1.8504,2.1976,1.9096,1.9512,1.5352,1.7984,1.944,1.6444,2.0924,1.5596,1.8448,1.862,1.8664,1.574,1.6704,1.5076,1.5264,1.8964,1.6256,1.6632,2.1888,2.0404,1.6832,1.9224,1.9312,2.1672,1.7424,1.8316,1.8404,1.512,1.6256,1.6676,1.5752,1.5608,1.908,1.8808,1.9268,2.1312,1.9324,1.5192,2.4724,1.348
2.1556,1.6876,2.284,2.0736,1.6588,2.4248,1.944,1.6992,2.4568,2.1284,1.4156,1.6472,2.1988,2.0852,1.79,2.0072,2.0248,1.7512,1.9656,2.032,2.016,1.3736,1.6444,1.8576,1.9368,1.6172,1.954,2.2364,1.852,2.0304,2.1512,1.5076,2.232,2.212,2.1472,1.9368,2.2004,1.7712,2.026,1.702,1.656,1.79,1.8964,1.856,1.728,1.7812,1.5032,1.5392,1.676,1.9108,2.1356,2.3644,2.1268,1.862,2.2708,2.134,2.3716,2.5488,1.7756,2.1832,2.1224,2.1872,2.2448,2.2364,2.14,2.2808,1.9152,2.438,2.2984,2.278,2.1428,2.4104,1.908,1.9628,1.9064,2.4856,2.1296,2.1788,2.278,2.0132,1.8836,1.5912,1.8288,2.1816,1.9152,2.1428,2.0404,1.8864,1.8376,2.2292,1.8936,1.9916,1.528,1.7944,1.9412,1.6288,2.0736,1.5884,1.9124,1.7812,1.82,1.5364,1.7008,1.5336,1.5668,1.862,1.6084,1.8404,2.1688,2.0132,1.7424,1.8836,1.8936,2.1572,1.7252,1.7684,1.7408,1.7236,1.5868,1.538,1.5596,1.574,1.8648,1.8244,2.2796,1.9612,2.0448,1.4888,2.4208,1.3708
2,1.7008,2.2592,2.1528,1.6156,2.402,2.0132,1.8936,2.4092,1.9656,1.4212,1.4528,2.1268,2.1196,1.6576,1.9856,2.134,1.7928,2.016,2.1008,2.072,1.296,1.6648,1.8952,1.9224,1.6416,1.7656,2.0764,1.8848,2.016,2.0044,1.594,2.2464,2.2708,2.2048,1.8072,2.2752,1.9036,1.9512,1.6604,1.7296,1.7108,1.7768,1.9224,1.6256,1.7468,1.568,1.4876,1.6976,1.7584,1.9096,2.2076,2.098,1.9584,2.1944,2.1184,2.14,2.5184,1.7684,2.2264,1.9872,2.0332,2.2004,2.3012,2.114,0.3572,2.0968,2.216,2.2708,2.2664,2.032,2.4336,1.964,1.9944,1.8604,2.4364,2.2536,2.2592,2.2564,1.9916,1.9224,1.6328,1.8704,2.1788,1.908,2.124,1.8028,1.8736,1.8864,2.1716,1.9152,2.0996,1.4932,1.7108,1.9412,1.522,2.1152,1.718,1.8532,1.7596,1.8604,1.522,1.6504,1.5292,1.5768,1.79,1.6,1.9568,2.1512,1.9816,1.82,1.8808,1.852,1.9972,1.682,1.7696,1.8376,1.6936,1.4848,1.584,1.584,1.4948,1.9396,1.754,2.4352,1.9152,2.2464,1.394,2.422,1.2932
2.0808,1.738,2.1184,2.1988,1.414,2.3876,2.3428,1.8776,2.2232,1.9052,1.5536,1.7596,2.1096,2.2376,1.7192,1.9196,2.1944,1.7712,1.9772,2.036,2.1024,1.3636,1.7368,2,1.9296,1.7048,1.6244,2.052,1.8244,1.9816,2.0016,1.7224,2.232,2.33,2.1716,1.8704,2.2264,1.7884,1.8448,1.6864,1.7524,1.744,1.712,1.9712,1.522,1.636,1.4976,1.4528,1.6472,1.672,1.81,2.0392,2.2048,2.0476,2.2996,2.0404,2.0836,2.396,1.8332,2.026,1.9744,1.8792,2.1296,2.1688,2.0144,0.7976,2.1456,2.2132,2.2464,2.2796,2.0304,2.4208,2.0216,2.0536,2.088,2.4608,2.3228,2.1832,2.2492,2.0188,1.8836,1.7972,1.8388,2.2004,2.0276,2.088,1.8304,1.8692,1.8088,2.16,1.9052,2.0392,1.5408,1.738,2.0232,1.4688,2.0792,1.6616,1.7696,1.7612,1.8128,1.584,1.7452,1.5248,1.6272,1.7728,1.6632,1.9944,2.1904,1.954,1.862,2.0392,1.9396,2.026,1.5796,1.8776,1.8416,1.4816,1.502,1.6416,1.5912,1.564,1.8376,1.7264,2.0924,1.9396,2.0968,1.5352,2.4236,1.2744
2.0392,1.6316,1.9584,2.3472,1.296,2.3816,2.2376,1.604,2.2088,1.9744,1.5308,1.7856,2.0664,2.1716,1.5148,1.8892,2.1728,1.7728,1.9844,1.8128,2.0764,1.4428,1.6948,1.9368,1.9368,1.7336,1.7336,2.0576,1.8792,2.042,1.8808,2.0476,2.1976,2.2088,2.1584,1.9384,2.2264,1.7956,1.8836,1.6504,1.774,1.6444,1.5812,1.8864,1.4284,1.6948,1.496,1.4644,1.7812,1.6504,1.7296,2.1916,2.2624,1.9684,2.1744,1.9828,2.1112,2.3272,1.7252,2.062,1.9972,1.888,2.1716,2.14,2.0536,1.6372,2.006,2.114,2.1384,2.396,2.1112,2.4712,1.9168,1.8936,1.8964,2.3932,2.1472,2.1312,2.1976,1.9888,1.9352,1.7712,1.7884,2.216,2.0536,2.0636,1.8748,1.9052,1.8764,2.1616,1.9528,1.8432,1.6084,1.7424,2.0608,1.4644,2.0432,1.5608,1.7972,1.6876,1.8028,1.63,1.6748,1.4632,1.558,1.63,1.5048,2.0576,2.1296,1.9196,1.7064,1.9412,1.9296,1.9136,1.6288,1.9052,1.8272,1.6388,1.5308,1.63,1.9628,1.486,1.9196,1.7656,1.9456,2.0764,2.3256,1.646,2.176,1.2544
2.1196,1.5208,1.9888,2.3012,1.2744,2.3516,2.0392,1.5596,2.1472,1.826,1.5076,1.7236,1.964,2.3168,1.4128,2.0404,1.8216,1.7612,1.8692,1.7396,1.918,1.3996,1.5596,1.8288,2.0088,1.6084,1.682,2.0016,1.7308,1.9108,1.7308,1.9096,2.1644,2.0692,2.0968,2.0116,2.2392,1.784,1.9208,1.728,1.7756,1.5968,1.564,1.8232,1.2832,1.8044,1.4228,1.4732,1.7884,1.6144,1.6588,2.2464,2.3356,1.8792,2.3212,1.9512,2.114,2.33,1.9136,2.0608,2.242,1.7452,2.2552,1.9756,1.9756,2.0968,1.8072,2.0808,2.0864,2.2636,2.2392,2.232,1.8704,1.8448,1.6676,2.2984,1.9456,2.1916,2.1384,1.9468,1.9712,1.754,1.7684,2.1888,2.0764,2.1716,1.9208,2.2276,1.856,2.1368,1.826,1.8232,1.5884,1.9684,2.2376,1.5928,2.1152,1.6272,1.8028,1.7136,1.7684,1.5984,1.8144,1.3968,1.5032,1.702,1.5308,2.186,2.2264,1.9772,1.7064,1.9108,2.0144,1.8448,1.6504,1.8476,1.8232,1.5868,1.6588,1.6244,1.9556,1.4544,1.9568,1.7452,2.0664,2.1184,2.5444,1.9568,2.176,1.26
2.1212,1.4816,1.8416,1.928,1.1952,2.36,2.0392,1.5868,2.2536,1.7036,1.4384,1.6792,1.9136,2.0924,1.4096,1.9672,1.708,1.6976,1.7352,1.8736,1.9756,1.4256,1.5724,1.7236,2.1528,1.4848,1.62,2.1096,1.7552,1.8864,1.6848,1.8676,2.2408,2.062,1.9712,1.9856,2.0864,1.8316,1.8332,1.7524,1.7984,1.6576,1.5984,1.656,1.4024,1.764,1.4068,1.5308,1.5884,1.5652,1.6256,2.1312,2.144,1.8808,2.1772,1.8736,1.9816,2.2552,2.0908,2.0952,2.4192,1.6272,2.14,1.888,1.8172,2.062,1.8044,2.1544,2.0736,2.1656,2.1472,2.0864,1.9828,1.9252,1.8116,2.2808,1.8952,2.0852,2.0808,1.8288,1.8704,1.62,1.744,2.1472,1.8936,2.1312,1.888,1.9684,1.7872,1.9168,1.7828,1.6112,1.4544,1.9556,2.062,1.4416,2.0736,1.584,1.7552,1.682,1.6732,1.6112,1.7008,1.3492,1.5292,1.7496,1.532,2.052,2.0376,2.1484,1.8,1.97,2.0548,1.7956,1.6776,1.7784,1.8288,1.6648,1.6904,1.8376,1.9672,1.4804,1.892,1.8748,2.0736,2.0924,2.4596,2.196,2.0824,1.296
2.1644,1.6,2.0432,1.784,1.1548,2.3528,2.0564,1.7756,2.3096,1.764,1.3436,1.5364,2.0376,2.036,1.5248,2.0576,1.9052,1.6504,1.574,1.908,2.0332,1.3984,1.574,1.5784,2.0392,1.3768,1.6648,2.1472,1.7468,1.872,1.6272,1.744,2.2392,1.8704,1.7684,1.9656,2.1052,1.8172,1.7192,1.568,1.8864,1.6432,1.5568,1.6172,1.4644,1.6688,1.4384,1.5624,1.6516,1.5164,1.5596,2.2292,2.0808,1.6876,2.1068,1.8952,2.0276,2.1268,2.062,1.9756,2.648,1.6172,1.8864,1.8172,1.7712,1.9008,1.6792,2.1544,2.062,2.1368,2.1008,2.0608,1.9268,1.8604,1.7036,2.2304,2.0232,2.2032,2.1152,1.7912,1.8848,1.496,1.8272,2.0044,2.042,2.2376,2.078,2.216,1.8748,1.9584,1.9196,1.6976,1.5048,1.9684,2.0376,1.4876,1.8432,1.4356,1.8116,1.5408,1.64,1.5408,1.6072,1.27,1.3808,1.6344,1.4168,1.8748,1.8748,1.8864,1.6964,1.9528,2.1384,1.6576,1.584,1.6848,1.7596,1.6648,1.5148,1.7568,1.748,1.3016,1.7584,1.6488,1.9312,1.8404,2.206,2.026,1.9584,1.1836
1.9324,1.5884,1.826,1.7252,1.0568,2.2984,2.16,1.7252,2.3056,1.6632,1.3796,1.7352,2.0464,1.7828,1.4312,1.8432,1.9584,1.826,2.0376,1.9412,1.7912,1.2976,1.5712,1.3968,1.82,1.3912,1.666,1.9384,1.8604,1.8116,1.4932,1.7668,2.2392,1.8676,1.7164,1.9772,2.016,1.7252,1.6948,1.5568,1.7224,1.6288,1.5464,1.6216,1.42,1.61,1.3924,1.4832,1.6344,1.4212,1.5624,2.1296,1.6688,1.6,1.7264,1.7828,2.0144,2.0908,2.0504,1.9136,2.3428,1.4156,2.0132,1.7368,1.6432,1.9052,1.5408,2.0824,2.0144,2.098,1.964,1.918,1.7408,1.6792,1.558,2.078,1.8592,1.9684,1.9784,1.7512,1.7552,1.414,1.8604,2.0392,1.9584,2.2132,2.1544,2.186,1.7784,1.8936,1.9168,1.6144,1.502,1.9828,1.9296,1.5164,1.8016,1.352,1.7828,1.5912,1.7984,1.5956,1.7264,1.2544,1.4716,1.5464,1.4212,1.6616,1.8448,1.6792,1.6704,1.666,1.9568,1.7092,1.5928,1.718,1.7756,1.5596,1.62,1.6904,1.388,1.6992,1.8028,1.6388,1.9656,1.8692,1.882,2.0852,2.0204,1.0728
2.1844,1.8116,2.0792,1.5956,1.0252,2.2104,2.1716,1.5884,2.3428,1.6056,1.46,1.702,1.9944,1.9036,1.6964,1.8128,1.764,1.8488,2.0592,1.7828,1.64,1.3348,1.5292,1.4372,1.646,1.3408,1.666,1.9556,1.81,1.7712,1.3564,1.728,2.0708,1.8232,1.738,1.8792,1.944,1.6432,1.574,1.4256,1.6832,1.5696,1.5652,1.5424,1.306,1.7784,1.2744,1.538,1.5896,1.5092,1.5496,1.9484,1.6072,1.6216,1.476,1.5896,1.816,2.1268,1.9384,1.8576,2.1672,1.3624,1.9052,1.8632,1.7308,1.7396,1.5236,1.9672,1.99,1.924,1.8044,1.8072,1.6704,1.5652,1.4948,2.0288,1.6964,1.7928,1.82,1.5408,1.6676,1.28,1.8288,2.0448,1.8088,2.0864,2.232,1.964,1.7352,1.9784,1.8116,1.4688,1.4228,1.8936,1.7668,1.4672,1.9024,1.3176,1.7308,1.5436,1.5984,1.5696,1.7396,1.2976,1.63,1.6488,1.4472,1.6,2.006,1.7624,1.708,1.6876,1.8272,1.7524,1.6964,1.7552,1.7136,1.5048,1.5812,1.7264,1.3796,1.5652,1.8432,1.5536,1.8676,1.81,1.8532,2.3788,2.0576,1.1392
2.1772,1.6432,2.1024,1.8144,1.2296,2.2968,2.0952,1.574,2.242,1.5956,1.3608,1.6576,1.934,1.692,1.4256,1.6704,1.7264,1.774,1.8892,1.6544,1.532,1.25,1.4068,1.3104,1.5984,1.1564,1.476,1.7452,1.6472,1.7324,1.234,1.5896,1.8056,1.342,1.3232,1.7308,1.934,1.5048,1.5208,1.3852,1.6388,1.5552,1.4128,1.594,1.3076,1.61,1.2124,1.388,1.4832,1.4704,1.5968,1.8892,1.9024,1.6256,1.42,1.3752,1.7296,2.0188,1.882,1.836,1.934,1.3552,1.656,1.6516,1.6892,1.672,1.4788,1.9728,1.99,1.7336,1.64,1.78,1.4488,1.4904,1.4444,1.9324,1.6704,1.8332,1.682,1.4948,1.6732,1.208,1.7584,2.0088,1.7584,2.0476,2.0608,1.8216,1.5856,1.8692,1.784,1.5032,1.3924,1.7944,1.6388,1.2556,1.7768,1.2484,1.6576,1.4948,1.5308,1.6156,1.5824,1.2944,1.5796,1.5436,1.4516,1.6084,1.9312,1.7008,1.6776,1.6144,1.568,1.6748,1.5064,1.6632,1.7308,1.496,1.42,1.594,1.2656,1.2844,1.7092,1.476,1.7408,1.6804,1.908,1.9496,1.8836,1.1548
1.8592,1.5352,1.9872,1.7152,1.2888,2.0924,1.8144,1.574,2.196,1.2124,1.204,1.44,1.6936,1.5956,1.4328,1.6112,1.528,1.5696,1.7552,1.5464,1.5164,1.2124,1.3104,1.1404,1.5624,1.0528,1.2976,1.82,1.7164,1.5424,1.208,1.4672,1.63,1.3464,1.2212,1.5856,1.82,1.3736,1.3536,1.358,1.6012,1.42,1.1536,1.4372,1.2888,1.6012,1.1072,1.2672,1.4272,1.3624,1.496,1.8736,2.0476,1.4976,1.2196,1.1592,1.6344,1.7236,1.8072,1.6128,1.712,1.2816,1.5784,1.44,1.4716,1.528,1.3552,1.928,1.9052,1.6172,1.3924,1.7108,1.2688,1.4184,1.5164,1.8992,1.4488,1.6864,1.64,1.3736,1.4816,1.1132,1.718,1.7164,1.5968,1.924,1.882,1.6776,1.4372,1.5364,1.564,1.4384,1.3736,1.6488,1.5236,1.1908,1.6576,1.1248,1.6228,1.44,1.3912,1.3996,1.4444,1.2124,1.5392,1.6128,1.3796,1.4876,1.7624,1.4112,1.6184,1.5092,1.3364,1.61,1.2572,1.564,1.6516,1.3708,1.3724,1.4716,1.2328,1.2096,1.5752,1.3696,1.6604,1.7296,1.6256,1.7872,1.7408,1.0312
1.6676,1.4948,1.6848,1.666,1.1,1.8172,1.7668,1.6488,1.898,1.018,1.1232,1.2284,1.4816,1.414,1.224,1.404,1.3448,1.45,1.5496,1.3304,1.5048,1.414,1.1476,1.0784,1.466,0.9532,1.3176,1.584,1.6288,1.42,1.0196,1.3696,1.4344,1.3048,1.1764,1.4804,1.6156,1.2544,1.2744,1.1924,1.46,1.3376,0.9488,1.1836,1.1864,1.486,1.0756,1.1304,1.3508,1.244,1.25,1.5956,1.7684,1.4272,1.1176,1.1104,1.466,1.558,1.738,1.4804,1.5884,1.1464,1.5148,1.3248,1.3148,1.3912,1.1952,1.692,1.672,1.4372,1.2916,1.5624,1.1896,1.2716,1.3336,1.6864,1.2584,1.5076,1.5436,1.2356,1.394,1.0512,1.3996,1.4128,1.5364,1.79,1.718,1.6172,1.342,1.3276,1.4992,1.2832,1.306,1.4992,1.2644,1.1348,1.4284,1.1404,1.4644,1.3984,1.3696,1.1304,1.3248,1.054,1.5264,1.378,1.1692,1.306,1.682,1.2788,1.4544,1.4256,1.0384,1.6804,1.142,1.4688,1.5536,1.2888,1.2124,1.3808,1.204,1.064,1.5004,1.208,1.2484,1.6416,1.4776,1.7208,1.5536,0.952
1.3032,1.5424,1.4948,1.5568,0.92,1.702,1.7512,1.5968,1.9584,0.848,1.0412,1.2428,1.4184,1.306,1.1648,1.3952,1.3652,1.6128,1.6,1.2672,1.3348,1.2096,1.0268,1.0684,1.486,1.0224,1.198,1.5336,1.6084,1.4572,1.1952,1.4212,1.3912,1.296,1.1132,1.4284,1.6616,1.3752,1.2572,1.244,1.486,1.3076,0.8496,1.1216,1.0728,1.3912,1.08,0.9604,1.1608,1.1752,1.1288,1.4256,1.9108,0.9936,1.132,1.0496,1.4848,1.5352,1.5884,1.3536,1.456,1.2544,1.3852,1.286,1.2688,1.3724,1.0252,1.6012,1.4688,1.1692,1.044,1.5048,1.0712,1.2312,1.2556,1.5668,1.2184,1.4384,1.4904,1.1864,1.3048,0.9,1.2976,1.3608,1.5408,1.7612,1.6244,1.5064,1.3376,1.2976,1.4472,1.2356,1.2544,1.1852,1.1564,1.054,1.1144,1.1924,1.4572,1.3952,1.3088,1.1176,1.25,1.1216,1.2976,1.204,1.0496,1.0484,1.4344,1.2184,1.1448,1.3132,0.9648,1.5236,1.2484,1.3708,1.3952,1.1088,0.992,1.244,1.0928,1.0468,1.4488,1.1908,1.1432,1.312,1.522,1.666,1.6072,0.9592
1.2832,1.6228,1.3436,1.4096,0.8424,1.692,1.6012,1.4344,1.7884,0.6812,1.0424,1.1736,1.404,1.2472,1.0728,1.5436,1.3752,1.3636,1.528,1.3436,0.936,1.1836,1.2916,1.2728,1.7368,1.2788,1.3724,1.7728,1.6936,1.6416,1.2068,1.358,1.6904,1.2644,0.9056,1.6488,1.656,1.2616,1.1896,1.1144,1.3868,1.1692,0.8784,0.9532,1.06,1.414,0.9748,0.8496,1.0928,1.2904,1.2312,1.188,1.8404,0.8684,1.1764,0.9216,1.492,1.4904,1.594,1.2904,1.5352,1.3968,1.4572,1.4156,1.3492,1.276,0.8856,1.5884,1.3952,1.064,1.028,1.3924,1.0196,1.136,1.1464,1.522,1.172,1.3924,1.4012,1.3336,1.332,0.8452,1.2196,1.1752,1.4516,1.6876,1.4832,1.3292,1.2788,1.2832,1.1204,1.234,1.1968,1.0872,1.1088,0.9952,1.0528,1.2168,1.4024,1.3852,1.3048,1.0656,1.096,1.1608,1.2888,1.0628,0.8912,1.0024,1.3176,1.0456,1.1392,1.2456,0.962,1.4516,1.06,1.2124,1.3708,1.0496,0.982,1.1204,1.0312,0.874,1.4644,1.1636,1.2152,1.214,1.3292,1.6416,1.5408,1.2944
1.424,1.5452,1.126,1.2184,0.8856,1.718,1.5164,1.2944,1.7468,0.6668,0.8756,1.2008,1.2656,1.1896,0.9604,1.538,1.2944,1.2728,1.2672,1.2196,1.0672,1.0352,1.0828,0.9748,1.2976,0.8768,1.0312,1.348,1.4384,1.3448,1.136,1.1752,1.3464,1.3048,0.8972,1.522,1.3464,1.1968,1.1188,1.0424,1.2716,1.116,1.0208,0.982,1.0628,1.4716,0.9864,0.9592,1.1276,1.3292,1.2212,1.152,1.8936,0.9432,1.2844,0.916,1.4024,1.4096,1.6488,1.2832,1.4068,1.0772,1.5104,1.424,1.3304,1.1936,0.988,1.6244,1.4416,1.0844,0.9736,1.3148,0.972,1.1464,1.0684,1.43,1.1492,1.3564,1.3984,1.142,1.1032,0.8468,1.1808,1.0928,1.2976,1.4832,1.5292,1.312,1.1636,1.1504,1.0008,1.0916,1.0712,1.0424,1.0036,1.0024,1.116,1.1752,1.43,1.3868,1.3348,1.0712,1.09,1.0384,1.0268,1.0412,0.8396,0.9808,1.2196,0.9848,1.1032,1.0928,0.9664,1.4472,1.0196,1.0352,1.3768,1.0064,0.9592,0.9792,0.9072,0.8092,1.3984,1.1852,1.1348,1.0944,1.234,1.5248,1.1792,1.0628
1.4616,1.5076,0.9576,1.1448,0.8468,1.6156,1.528,1.4344,1.8072,0.6136,0.8768,1.1504,1.2052,1.1752,0.9216,1.532,1.2268,1.2656,1.1448,1.0684,1.0384,0.9344,1.0888,0.9504,1.1,0.8324,0.9892,1.3808,1.358,1.4084,1.0396,1.1692,1.352,1.1952,0.8596,1.5192,1.2024,1.24,1.1752,1.0816,1.2944,1.0988,1.0352,0.9548,1.1736,1.3192,0.9172,0.9088,1.0712,1.3392,1.3004,1.3132,1.9168,0.9432,1.1536,0.8264,1.2988,1.3464,1.3952,1.2152,1.3148,0.9864,1.4832,1.244,1.414,1.1132,1.034,1.5392,1.5784,1.2616,1.132,1.3984,1.0384,1.2616,1.1664,1.5536,1.2096,1.3276,1.4528,1.1824,1.1476,0.8768,1.1708,1.0672,1.3104,1.388,1.2976,1.2788,1.1476,1.1404,1.0352,1.0384,0.9116,1.0136,0.998,0.988,0.8684,1.162,1.4788,1.4284,1.296,1.0224,1.0744,0.9632,1.034,1.0268,0.8224,0.9692,1.2356,0.9232,1.1348,1.0628,0.9304,1.4344,1.024,1.1708,1.3608,0.9836,0.9692,0.9848,0.8928,0.6968,1.3852,1.1648,1.07,1.1088,1.1896,1.6648,1.1924,0.9964
1.3076,1.5752,0.8884,1.1492,0.7604,1.5796,1.4832,1.3376,1.6948,0.7648,1.0268,1.1736,1.404,1.4228,1.0928,1.5364,1.3304,1.3376,1.2628,1.0368,1.2384,1.024,1.1288,0.9604,1.1996,0.9404,1.0756,1.456,1.3664,1.3984,1.0384,1.224,1.4904,1.2816,0.9316,1.5236,1.3276,1.3464,1.2472,1.0756,1.28,1.0424,0.9072,0.9,0.9892,1.2312,0.7776,0.7936,0.8696,1.018,1.1504,1.388,1.9064,0.9316,1.1376,0.8768,1.2728,1.3552,1.3912,1.2988,1.2528,0.9244,1.2976,1.0612,1.2024,1.204,1.162,1.3852,1.4816,1.2052,1.0424,1.384,1.0712,1.2356,1.1248,1.522,1.2312,1.1636,1.4932,1.2356,1.1996,0.8784,1.1116,1.1232,1.2644,1.2872,1.1536,1.2772,1.0252,1.1016,1.0568,1.0368,0.874,0.988,1.0096,0.9664,0.8552,1.1952,1.4544,1.3912,1.2772,1.0124,1.0556,0.916,1.0136,1.0384,0.772,0.9604,1.2556,0.9736,1.1088,1.0528,0.864,1.4068,1.034,1.1204,1.522,1.0456,1.1808,1.0268,0.8944,0.7216,1.2256,1.1216,1.0468,1.0712,1.1016,1.6244,1.0856,0.8984
1.306,1.5768,0.8524,1.1348,0.766,1.5292,1.4356,1.1432,1.5752,0.7444,0.9,1.1764,1.332,1.3292,1.0224,1.6288,1.4156,1.3348,1.2184,1.0684,1.2832,1.1016,1.1044,0.9936,1.26,0.9892,1.1116,1.4384,1.3868,1.5208,1.0672,1.2832,1.5352,1.3232,0.9548,1.5164,1.1492,1.4228,1.1348,1.1288,1.3752,1.0756,0.8512,0.8856,0.9592,1.224,0.812,0.8036,0.8092,0.9476,1.1288,1.2888,1.7872,0.9128,0.9172,0.8856,1.2988,1.4372,1.3852,1.188,1.1664,1.0064,1.3204,1.116,1.1392,0.956,0.8696,1.306,1.2512,1.0496,0.8568,1.2628,1.0168,1.1088,1.0568,1.4312,1.2096,1.126,1.4544,1.2212,1.132,0.9,1.064,1.1332,1.2688,1.2196,1.1276,1.2932,1.0252,1.126,1.0268,0.9692,0.8756,1.0024,1.0168,0.9952,0.9072,1.3076,1.4976,1.3896,1.2168,1.0368,1.1288,0.9388,0.9936,1.0352,0.7892,0.9592,1.2268,0.9836,1.0712,1.0468,0.8984,1.172,0.9792,1.024,1.3088,0.9172,1.208,1.1216,0.8524,0.6508,1.1952,1.1072,1.0108,0.9604,1.0916,1.5596,1.0744,0.874
1.2788,1.5536,0.8596,1.1104,0.7432,1.4488,1.4488,1.1936,1.5856,0.74,0.854,1.0928,1.0568,1.2008,0.9792,1.4992,1.3824,1.3868,1.2976,1.0312,1.214,1.0584,1.0496,0.956,1.2572,0.9676,1.0512,1.4112,1.4156,1.4284,1.024,1.2008,1.4444,1.2772,0.9128,1.378,1.1492,1.3708,1.0772,1.1132,1.3192,1.0424,0.8224,0.8512,0.9604,1.2024,0.7776,0.8856,0.8396,0.9332,1.034,1.08,1.6864,0.884,0.9116,0.8424,1.286,1.4588,1.492,1.28,1.234,0.9736,1.3292,1.0784,1.0928,0.9776,0.8872,1.5076,1.2976,1.0728,0.8712,1.2184,0.926,1.0296,0.9908,1.3824,1.1636,1.1116,1.4168,1.198,1.1216,0.8552,1.0988,1.2052,1.208,0.9952,1.0512,1.296,0.9488,1.1044,1.0196,0.9548,0.8656,0.9952,1.018,0.9704,0.8336,1.3348,1.4888,1.3736,1.1016,1.054,1.1592,0.9088,0.9864,1.0916,0.756,1.0196,1.132,0.9576,1.09,1.0384,0.8408,1.188,0.9632,1.0928,1.1824,0.812,1.064,1.1808,0.8944,0.6352,1.2152,1.0368,0.9964,0.9776,1.0456,1.3736,1.1176,0.8252
1.204,1.4228,0.9072,1.0856,0.6956,1.522,1.476,1.2572,1.5896,0.7,0.9504,1.0456,0.8756,1.2168,0.9344,1.4184,1.3336,1.2976,1.1708,0.9736,1.1936,1.0856,1.0512,0.9736,1.2312,0.9664,1.0008,1.3624,1.4704,1.4184,1.0296,1.1852,1.4096,1.2932,0.9016,1.3724,1.2008,1.3924,1.172,1.0844,1.2744,1.0136,0.8236,0.9056,0.9764,1.1808,0.7604,0.8984,0.874,0.9576,1.0484,1.0844,1.718,1.1592,0.8236,0.8036,1.2296,1.3132,1.3852,1.1376,1.2312,0.9704,1.3192,1.0684,1.0672,0.9344,0.9116,1.4632,1.2572,1.054,0.8092,1.1188,0.8452,0.9316,0.9532,1.322,1.0468,1.1276,1.4644,1.2512,1.106,0.9016,1.1248,1.2472,1.2096,1.0096,1.0468,1.1276,0.9432,1.0888,1.0124,1.0052,0.9532,0.9676,1.0124,0.962,0.8596,1.368,1.4976,1.4012,1.1176,1.126,1.178,0.9836,1.0108,1.1608,0.8192,1.1392,0.982,0.962,1.008,0.9964,0.8756,1.1952,0.962,1.1116,1.0972,0.854,1.0456,1.0612,0.9808,0.648,1.1648,1.0656,0.9404,1.0656,1.0828,1.3048,1.0556,0.8696
1.2688,1.3708,0.9028,1.0368,0.664,1.5032,1.4704,1.1648,1.4816,0.684,0.8324,1.0784,0.8296,1.1592,0.8784,1.4372,1.2456,1.224,1.1044,0.8812,1.2068,1.0296,1.0064,0.982,1.116,0.9776,0.9416,1.296,1.4456,1.3592,1.0656,1.2008,1.4312,1.2904,0.8812,1.3736,1.1764,1.3408,1.2544,1.0856,1.286,1.028,0.864,0.8584,0.9792,1.2068,0.9244,0.8684,0.8396,0.9632,1.0352,1.09,1.846,0.8944,0.8408,0.8452,1.2284,1.2312,1.4456,1.07,1.2368,0.8944,1.2212,0.9736,0.9848,0.962,0.9044,1.3336,1.3464,1.1492,0.8524,1.162,0.848,0.8956,0.916,1.3248,1.0424,1.0484,1.4168,1.1072,1.018,0.956,1.1504,1.2368,1.2888,1.0396,1.1188,1.1824,0.9604,1.1476,1.0672,1.0556,0.9792,1.1492,1.1404,1.0744,0.936,1.3336,1.4704,1.4444,1.1908,1.1432,1.1288,1.0064,1.0628,1.2512,0.9748,1.2008,1.1852,1.0384,1.116,1.0268,0.9288,1.0972,1.0168,1.08,1.132,0.9404,1.1204,1.142,1.0928,0.9116,1.5352,1.3076,0.9404,1.1032,1.1032,1.3004,1.09,0.9404
1.332,1.2944,0.9304,1.0656,0.6596,1.5064,1.496,1.152,1.4992,0.6496,0.854,1.09,0.8048,1.198,0.864,1.2556,1.2472,1.2356,1.0556,0.9056,1.1996,1.0124,0.962,0.92,1.09,0.9488,0.9416,1.332,1.3868,1.4428,1.028,1.1304,1.378,1.1708,0.8624,1.3752,1.1752,1.2744,1.2988,1.168,1.2616,1.008,0.8584,0.8828,0.9704,1.2484,0.8396,0.844,0.9116,1.0268,1.0712,1.0972,1.8016,0.838,0.8008,0.8208,1.2024,1.2256,1.414,1.034,1.1952,0.8336,1.2152,0.9648,0.9632,0.8568,0.802,1.2688,1.5248,1.1404,0.8784,1.2152,0.8828,0.946,1.0024,1.3408,1.0528,1.0396,1.4012,1.0456,1.0096,0.9056,1.1288,1.2112,1.2472,0.988,1.1288,1.1332,0.9416,1.0656,1.0136,0.936,0.8856,1.0568,1.09,1.0296,1.018,1.4128,1.5076,1.4156,1.1188,1.1248,1.152,1.0036,1.064,1.2616,0.884,1.0756,1.0424,1.1864,1.1996,1.09,1.0252,1.0196,1.0196,1.152,1.1592,0.884,1.1608,1.1636,0.9344,0.7544,1.296,1.1808,1.044,1.0424,1.0036,1.2384,1.0828,0.8552
1.2944,1.26,0.9704,1.0324,0.6608,1.486,1.4744,1.1204,1.5032,0.668,0.916,1.0268,0.8064,1.1896,0.8408,1.2572,1.2888,1.2788,0.9936,0.8524,1.1088,1.054,0.9532,0.8972,1.1348,0.9072,0.952,1.3336,1.3952,1.3852,0.9776,1.132,1.3564,1.224,0.848,1.312,1.1852,1.2024,1.1592,0.9808,1.116,0.988,0.8612,0.9232,0.9632,1.204,0.7604,0.7848,0.7688,0.89,1.142,1.1044,1.718,0.8108,1.1132,1.0872,1.3984,1.2052,1.42,0.9748,1.2772,0.9548,1.1132,0.9116,0.91,0.8108,0.818,1.2832,1.4372,1.0412,0.91,1.142,0.8512,1.0064,1.0252,1.28,1.0672,1.0424,1.3768,0.9432,1.0208,0.8424,1.2024,1.2152,1.2256,1.0036,1.0972,1.0728,1.0136,1.0944,1.0784,0.9736,0.8008,0.9908,1.0368,0.9836,0.9028,1.2224,1.4904,1.4068,1.0612,1.1132,1.1032,0.9476,0.9952,1.0484,0.844,1.0152,0.9476,1.1376,1.27,1.1708,1.0756,1.126,0.9848,1.08,1.0728,0.7388,1.1392,0.9632,0.8828,0.7648,1.126,1.0784,0.926,1.0052,0.9316,1.2672,1.0108,0.8192
1.2816,1.3032,0.8768,1.0036,0.6812,1.43,1.3708,1.1708,1.4096,0.6392,0.9044,1.0108,0.772,1.1952,0.8308,1.2932,1.2644,1.1664,0.946,0.8524,1.1288,1.0124,0.972,0.8624,1.1288,0.9,0.9808,1.2268,1.3852,1.3232,0.988,1.2728,1.3336,1.204,0.9288,1.4744,1.2168,1.1792,1.1736,0.9676,1.1276,0.9404,0.8424,0.972,0.9504,1.1464,0.7936,0.8092,0.772,0.8872,1.0368,1.1736,1.78,0.8696,0.9232,0.8524,1.3104,1.2068,1.3952,1.0136,1.178,0.8828,0.9648,0.9028,0.9376,0.8236,0.7904,1.2268,1.4128,1.024,0.864,1.0712,0.9232,0.9748,0.9676,1.3752,1.1132,0.9848,1.404,0.9344,0.972,0.8408,1.162,1.2772,1.2772,1.0628,1.1536,1.1232,1.0496,1.2168,1.0612,1.0368,0.8768,1.106,1.054,0.992,0.9,1.0684,1.5176,1.4804,1.214,1.0152,1.152,1.018,1.0152,1.0568,0.91,1.0872,1.0324,1.1304,1.1032,1.08,0.9676,1.2456,1.0684,1.172,1.1144,0.818,1.132,0.9632,0.8872,0.6032,1.06,1.0528,0.89,1.0412,0.9404,1.3248,1.08,0.864
1.3508,1.5596,1.0368,1.0396,0.7288,1.4312,1.296,1.1376,1.4112,0.6796,0.8224,1.0324,0.7864,1.1908,0.8064,1.2716,1.296,1.2788,0.9964,0.8712,1.1648,0.9476,0.9704,0.7892,1.1448,0.9072,1.0064,1.1936,1.4024,1.3192,0.9692,1.2096,1.3304,1.3508,1.1576,1.316,1.162,1.1764,1.1896,0.972,1.1464,0.9908,0.7776,0.9272,0.9488,1.1764,0.812,0.8192,0.7892,0.8684,0.982,1.0612,1.5796,0.8468,0.838,0.8828,1.1836,1.3148,1.3232,0.9864,1.028,0.88,1.1288,1.126,1.0208,0.8036,0.7976,1.2672,1.4024,1.0208,0.884,1.0512,0.9272,0.9692,0.8768,1.3276,1.0972,0.9648,1.3752,0.936,0.998,0.8552,1.2008,1.2572,1.2412,1.1176,1.2008,1.1564,1.0384,1.178,1.0828,1.0024,0.9016,1.1288,1.0944,1.0656,0.9332,1.0168,1.4528,1.3824,1.0816,0.9892,1.1132,1.018,1.008,1.0612,0.9244,1.1392,1.0584,1.1032,1.106,1.1044,0.9476,1.214,1.0656,1.2256,1.1404,0.8956,1.1232,1.028,0.9088,0.694,1.054,1.0168,0.91,0.9964,1.0556,1.1332,1.0052,0.9172
1.2296,1.5424,0.9892,1.2428,0.9,1.4716,1.2788,1.1576,1.322,0.6452,0.7504,0.9892,0.8368,1.224,0.8048,1.2152,1.2832,1.2644,0.9836,0.8756,1.0108,0.9476,0.9172,0.7964,1.172,0.9288,0.956,1.2152,1.3104,1.2872,0.9432,1.1664,1.368,1.224,0.956,1.3392,1.0928,1.1936,1.1348,0.9332,1.2268,0.9476,0.776,0.8768,0.9188,1.1752,0.9548,0.7776,0.7704,0.8512,1.028,1.0568,1.5464,0.7876,0.9028,0.8424,1.2428,1.45,1.368,0.9836,1.1432,0.9604,1.0456,1.0384,1.0412,0.8768,0.9216,1.3148,1.3708,1.0124,0.88,1.0136,0.926,0.9144,0.8612,1.2296,1.0744,0.972,1.394,0.9172,1.018,0.812,1.2168,1.2456,1.2412,1.0844,1.0856,1.198,1.0136,1.1432,1.1132,0.998,0.8784,1.064,1.0656,1.0528,0.962,1.0036,1.352,1.3664,1.028,1.168,1.0944,0.992,1.0628,1.028,0.8956,1.1016,1.0628,1.0872,1.0712,1.1476,0.9576,1.2068,1.0268,1.1808,1.1116,0.9028,1.028,1.0988,0.926,0.7532,1.0612,0.9992,1.1908,1.2112,1.106,1.064,1.0208,0.7964
1.2296,1.456,0.9776,1.2356,0.8668,1.5624,1.2916,1.1736,1.388,0.772,0.9504,1.0052,0.8408,1.2672,0.792,1.4516,1.3808,1.2312,1.0008,1.024,0.8624,0.9748,0.946,0.8368,1.1476,0.8956,0.9376,1.2024,1.2544,1.3232,0.9576,1.1792,1.3304,1.2068,0.8696,1.2716,1.0312,1.2212,1.0456,0.8956,1.2772,0.936,0.7488,0.8928,0.9232,1.1464,0.9548,0.756,0.936,0.9272,1.0268,1.0424,1.5248,0.776,0.8308,0.746,1.2008,1.3336,1.4272,1.0944,1.1548,0.926,1.054,1.0712,1.0424,0.8668,0.92,1.2456,1.3376,1.0744,0.8496,1.0384,0.8468,0.8712,0.8408,1.2052,1.0052,0.982,1.342,0.92,0.9992,0.818,1.1072,1.0468,1.1248,0.9692,0.9892,1.0512,0.9304,1.0312,1.0136,0.9128,0.8092,1.0944,1.0556,1.0656,0.9316,0.9592,1.1464,1.3696,1.0528,0.9632,1.1492,0.9488,0.9448,0.9808,0.7892,0.9864,0.9992,1.0296,1.0152,1.0096,0.8324,1.1492,0.9388,1.0916,1.0844,0.8728,0.9892,1.1116,0.9548,0.6176,1.0828,1.0612,1.064,1.1864,0.9992,1.0928,1.0412,0.7732
1.244,1.4056,1.0008,1.168,0.8208,1.4128,1.2544,1.1216,1.244,0.6392,0.8584,1.1376,0.9044,1.276,0.828,1.352,1.4788,1.2368,0.9692,1.0424,0.8712,0.9144,0.8108,0.8208,1.0584,0.9072,0.9808,1.168,1.2672,1.3264,0.9992,1.198,1.3232,1.1996,0.8696,1.28,1.0168,1.2112,1.0496,0.8928,1.132,0.9216,0.7316,0.9592,0.9376,1.1576,0.9848,0.782,1.1608,0.9952,1.0756,1.0052,1.486,0.7936,0.7632,0.7488,1.1132,1.2256,1.3492,1.07,1.1088,0.8352,1.0628,1.024,1.0224,0.8524,0.916,1.42,1.2544,1.1176,0.8828,1.0324,0.8152,0.8828,0.8136,1.198,0.982,1.0152,1.4312,0.9272,1.0196,0.8164,1.1232,0.92,1.1088,0.9864,0.9704,1.0168,0.9316,1.0224,0.9592,0.926,0.7776,0.9808,0.946,0.9232,0.9,0.9128,1.116,1.4128,1.0312,0.9848,1.1448,0.9188,0.9304,1.1448,0.766,0.9244,0.9604,1.0196,0.9648,0.962,0.8512,1.1836,0.9416,0.9964,1.0064,0.746,1.024,1.0612,1.0052,0.7144,1.0484,1.0224,1.0196,1.1968,1.0584,1.2312,0.9664,0.7776
1.1404,1.3192,0.8728,1.1088,0.7648,1.4384,1.2484,1.136,1.2428,0.6464,0.8552,1.2256,0.7688,1.584,1.1044,1.312,1.3796,1.1936,0.8684,0.8668,0.8696,0.8944,0.8108,0.8048,0.9964,0.92,0.9792,1.126,1.096,1.3076,0.9332,1.2052,1.312,1.1996,0.9072,1.27,1.0484,1.1864,1.0152,0.8872,1.1332,0.9316,0.7432,1.126,0.9244,1.1104,0.9648,0.7544,0.8048,0.9272,1.0568,1.0856,1.5164,0.8152,0.7532,0.7328,1.1304,1.2744,1.2844,1.0396,1.1664,0.884,0.9892,0.9736,0.9316,0.864,0.8768,1.5496,1.3464,1.0844,0.8872,1.0324,0.8812,0.9044,0.8408,1.198,1.0036,1.0424,1.42,1.0208,1.0384,0.9056,1.0928,0.9272,1.1104,0.9532,0.9936,1.0024,0.9188,0.9836,0.9344,0.8928,0.756,0.9592,0.952,0.9316,0.8912,0.9144,1.136,1.2268,0.9792,0.9748,1.168,0.848,0.952,0.9648,0.7892,0.9288,0.9028,0.956,0.972,0.9476,0.874,1.0052,1.0816,0.9648,1.0008,0.72,1.0208,0.9692,1.0384,0.7144,1.1116,1.0196,0.9936,1.168,1.0744,1.1204,1.0988,0.9216
1.0324,1.3664,0.916,1.1072,0.7704,1.46,1.1648,1.2196,1.1896,0.6536,0.9088,1.2672,0.7648,1.3276,0.8424,1.2356,1.3392,1.2068,0.9288,0.8336,0.8768,0.9216,0.7992,0.8296,1.0096,0.8712,0.9952,1.0944,1.1348,1.342,0.9344,1.2512,1.3076,1.1852,0.9288,1.4128,1.1936,1.28,1.1492,1.0368,1.1996,0.9488,0.746,0.962,0.9404,0.9908,0.9232,0.7532,0.8368,0.936,0.9964,1.0916,1.6288,0.844,0.7488,0.7864,1.1,1.2256,1.2888,1.008,1.2976,0.9808,0.9404,0.9776,0.9448,0.7256,0.8064,1.502,1.378,1.1608,0.9576,0.9864,0.8872,0.8872,0.7976,1.2196,1.0052,1.0828,1.4024,1.0052,1.0628,0.9304,1.1072,0.9316,1.1232,0.9388,0.9792,1.0456,0.9376,0.9792,0.9244,0.8984,0.7904,0.956,0.9576,0.9216,0.9116,0.9016,1.0856,1.1592,0.9836,0.9748,1.07,0.8424,1.054,0.9332,0.838,0.92,0.8944,0.9676,0.9676,0.9416,0.8728,1.0064,0.9404,1.0124,0.992,0.7388,1.0036,0.9532,0.8812,0.7028,1.1564,1.1016,1.0296,1.1072,1.0268,1.0944,1.0744,0.89
1.096,1.394,0.9116,1.0972,0.7588,1.5192,1.2888,1.0136,1.2184,0.6968,0.8524,1.0712,0.7676,1.2512,0.8408,1.2628,1.3204,1.1116,0.9304,0.8368,0.8612,0.998,0.8136,0.8452,1.0052,0.8612,0.9692,1.126,1.2008,1.276,0.936,1.2556,1.2916,1.1764,0.8972,1.4776,1.2904,1.3736,1.2212,1.1,1.3048,0.9172,0.7776,0.9028,0.992,1.0656,1.008,0.7372,0.8624,0.9548,1.0252,1.024,1.6072,0.8668,0.7504,0.782,1.116,1.1952,1.46,1.0496,1.0784,0.8468,1.008,1.0108,0.9388,0.782,0.8236,1.4776,1.2788,1.1608,1.0324,1.1144,0.838,0.8224,0.7892,1.2124,0.982,1.018,1.3536,1.0036,0.9344,0.8856,1.2384,1.008,1.116,0.9388,0.946,0.9964,0.9172,0.9992,0.926,0.8956,0.7616,0.9604,0.9592,0.92,0.8784,0.8972,1.08,1.1708,1.0096,0.9576,1.034,0.8496,0.9028,0.9388,0.828,0.802,0.9044,0.9316,0.9664,0.8956,0.812,1.0268,0.9692,0.9532,0.9548,0.7732,0.9692,0.9908,0.8336,0.6408,1.198,1.1504,1.0816,1.054,1.0384,1.1088,0.992,0.8768
1.1708,1.3276,0.874,1.1072,0.8208,1.456,1.4372,1.2932,1.476,0.6264,0.756,0.9792,0.8152,1.1908,0.7792,1.2368,1.312,1.1536,0.9144,0.766,1.0108,1.2744,0.8008,0.8264,1.0684,0.8696,0.9144,1.1116,1.0672,1.2212,0.9576,1.2528,1.3304,1.1708,0.956,1.45,1.2296,1.2888,1.1276,1.028,1.2672,1.0944,0.7688,0.89,1.1608,1.2528,1.018,0.7616,0.8324,0.9376,1.0612,1.1032,1.5092,0.8136,0.89,0.8296,1.214,1.3048,1.4372,1.1376,1.06,0.8308,1.0496,1.0584,1.1404,0.7904,0.7904,1.4804,1.2544,1.2096,1.1288,1.2904,0.854,0.864,0.8872,1.1736,0.9992,0.9404,1.3552,0.9304,0.9548,0.8424,1.0844,0.854,1.1348,0.8828,0.982,0.9848,0.9288,0.992,1.0368,0.9,0.7416,0.9448,0.9908,0.9028,0.91,0.9272,1.2168,1.162,0.998,1.0424,1.0396,0.8252,0.9388,0.9332,0.8468,0.7616,0.92,0.9488,0.9704,0.89,0.8324,1.0196,0.9808,1.0712,0.9648,0.7792,0.9764,1.0008,0.8092,0.5744,1.1764,1.1636,1.07,1.0396,1.0928,1.2356,0.936,0.8048
1.1924,1.312,0.9188,1.106,0.7992,1.4688,1.3088,1.2772,1.45,0.7432,0.8684,1.1348,0.9404,1.4056,0.998,1.3076,1.404,1.1648,1.198,0.8812,0.9304,1.09,1.0424,0.9172,1.0928,0.9288,0.916,1.1664,1.126,1.26,1.1692,1.43,1.3752,1.2384,1.0324,1.4024,1.4184,1.3564,1.1736,0.9764,1.2572,1.0412,0.7616,0.8768,1.0384,1.1608,0.8048,0.7632,0.7576,0.854,1.1032,1.1144,1.6,0.8944,0.88,0.8092,1.244,1.342,1.3852,1.2528,1.152,0.8912,1.07,1.06,1.0568,0.9476,0.9776,1.4068,1.2528,1.0456,0.88,1.1088,0.8668,0.9388,0.956,1.2484,1.0512,0.9704,1.2744,0.9044,0.9188,0.792,1.1204,0.8424,1.1232,0.9016,1.0412,0.992,0.9416,0.9748,1.0124,0.874,0.7288,0.9632,1.0152,0.916,0.8912,0.9088,1.2312,1.1852,0.9736,1.0568,1.044,0.8452,0.9244,0.9748,0.8512,0.7676,0.9272,0.9344,0.946,0.9316,0.8352,1.0268,0.9488,1.0268,1.136,0.89,1.0988,0.9748,0.8192,0.4996,1.0712,1.1348,1.0324,0.9952,0.9736,1.2052,0.9332,0.8728
1.1176,1.2988,0.9404,1.0784,0.8208,1.4372,1.3104,1.2616,1.414,0.6884,0.8584,1.1116,0.88,1.3552,0.956,1.3752,1.512,1.2916,1.224,0.9776,0.9936,1.172,1.3464,1.2716,1.4012,1.2328,1.2988,1.528,1.548,1.5928,1.2512,1.46,1.728,1.2628,1.034,1.3608,1.142,1.4456,1.1808,0.9388,1.2096,1.0368,0.7444,0.8496,1.034,1.1248,0.7676,0.8152,0.7604,1.0052,1.1376,1.0024,1.5104,0.7948,0.8264,0.8336,1.198,1.3232,1.3752,1.1824,1.1104,0.9344,1.0484,1.0152,1.0224,0.8784,0.89,1.4832,1.2716,1.0928,0.8568,1.1288,1.0456,1.1392,1.044,1.3276,1.0656,1.0124,1.3248,0.9848,0.9316,0.8524,1.0744,0.91,1.096,0.9044,1.054,0.9676,0.9964,1.0656,0.936,0.8984,0.7112,0.9632,0.9548,0.9332,0.8928,0.8984,1.2356,1.1404,1.0024,1.0844,1.0384,0.8352,0.874,0.9476,0.8352,0.7864,0.9232,0.946,0.9488,0.9532,0.8224,1.0312,0.9344,0.936,1.0224,0.818,1.0928,1.0672,0.8756,0.5084,1.0744,0.982,1.0152,0.9992,0.9188,1.1896,1.168,1.0196
