0.71675,4.6061,-1.3905,2.7845,5.8192,13.637,-1.2224,5.1543,-2.2561,0.11438,5.9037,1.5382,-4.4714,-1.0364,4.9802,3.1899,5.449,12.957
-2.4098,12.508,-1.817,14.246,12.497,10.227,4.4694,-2.6775,-3.7779,7.0663,6.9245,8.0897,12.11,5.8875,-2.8256,0.91076,1.7116,13.794
15.189,-4.1423,7.098,10.474,12.75,13.125,7.9189,-3.21,6.7352,-3.6229,3.9986,9.194,11.549,10.042,0.17211,11.395,-4.3541,11.959
-3.1423,13.696,-3.3963,4.2525,9.2767,7.8182,8.6584,15.699,-1.2742,8.1074,12.515,0.033776,2.3826,6.6178,10.368,-3.7725,2.6919,9.131
12.113,6.2179,14.801,6.6774,15.99,18.234,7.8927,5.7186,-4.0806,10.196,14.405,-3.8726,3.4904,1.6662,-1.6168,0.53292,10.815,9.6908
7.0028,6.1257,8.401,9.7783,17.818,-3.4302,-2.0561,13.088,-0.52115,3.5206,2.0418,12.457,8.0902,7.6477,4.423,-3.2634,0.37773,9.2023
6.4398,5.8482,4.9507,9.159,4.455,17.926,2.3314,12.617,0.64535,10.321,-1.7868,-2.9564,9.4121,0.87119,9.4662,-4.1394,6.6076,9.4604
6.7033,13.643,-2.8421,6.8316,2.9876,16.941,-0.062076,0.95268,4.5006,9.4244,7.3368,6.2055,12.677,9.402,2.5566,-1.8614,5.2729,7.1476
-1.1208,-2.7924,13.921,10.549,7.1392,12.012,-0.69971,2.3079,13.17,13.784,-0.79648,-2.0316,10.404,12.245,6.8534,-4.517,2.7126,9.4343
-1.0292,2.3436,4.2527,-2.047,1.8159,14.701,-0.93982,8.3001,1.2311,-2.1915,0.63473,11.028,6.87,12.855,-2.2555,3.8857,0.81323,6.2409
2.9156,-4.5529,13.687,9.8024,14.569,5.9099,10.614,7.8633,1.1732,14.55,2.8289,2.9189,2.9507,10.77,10.127,-1.9332,5.3483,13.851
14.406,-5.5963,8.2237,9.0364,11.792,-4.5806,-1.7601,6.1166,4.6578,-4.2833,-1.9195,-2.3362,-0.10172,-0.87704,-0.24167,8.0926,8.9318,8.3227
14.245,2.1198,-3.082,6.9922,13.269,15.914,8.8162,15.56,3.8156,3.8641,11.506,-1.2823,11.06,3.3993,5.3613,11.107,8.7823,13.257
9.7193,8.4492,5.6425,-3.7994,8.7174,17.653,-3.9414,13.282,3.735,-3.0902,8.877,9.9363,2.9994,3.818,2.6872,8.0392,-3.446,-1.1334
10.38,11.861,6.5768,6.8054,1.0769,-4.5948,13.54,5.383,10.491,-1.0477,1.777,6.577,-0.70395,11.618,-0.61078,3.6035,1.3887,-3.3268
8.7572,12.128,8.5126,2.9322,16.067,1.4498,3.3284,1.0368,4.5383,9.1881,10.174,10.864,1.0522,11.014,4.4044,12.856,2.8053,3.6382
11.153,-1.0792,1.6671,-0.80454,3.9826,-5.4966,1.6078,9.4861,-1.8389,-4.3294,3.4191,3.9907,11.317,3.4705,1.8441,-2.2494,3.1855,-4.0471
12.561,9.6204,-2.1449,5.1529,6.937,9.2092,5.8965,-4.3914,12.7,-2.0671,-1.3013,-3.0626,-2.5668,7.9365,6.7756,-2.1062,-3.6079,12.236
-4.3693,8.2353,14.51,1.2704,-0.30115,-4.673,2.79,12.711,-0.13078,12.39,11.855,0.38257,11.283,8.1376,10.363,10.684,0.61328,-0.6857
8.7261,12.475,14.057,1.0301,11.295,12.834,-0.57124,2.8356,3.2505,8.4283,11.155,-2.2485,-2.2681,0.80411,-3.0196,10.719,-2.6456,8.3366
4.5644,6.3016,10.481,6.7866,2.6286,14.165,7.8525,-3.7653,-2.8772,4.1856,7.3367,2.9775,10.392,3.277,-0.7593,6.9664,9.4706,10.576
3.0569,1.7331,6.9711,4.2684,8.3719,0.037279,-1.6612,4.16,7.0826,1.8755,5.0696,9.5354,9.9668,8.2394,1.9043,-2.4941,11.153,3.6327
2.4262,-5.1935,0.53803,1.4247,13.52,2.7231,12.91,-1.502,9.6236,4.2693,4.0095,6.5577,8.1193,2.9706,-2.9828,3.4257,6.9179,12.969
10.982,5.821,8.2237,-0.095612,-2.5267,3.7551,13.614,2.0533,-3.7725,0.46599,9.6846,-1.6739,0.028522,3.4036,2.9711,6.2501,-1.0018,1.2413
12.055,10.236,-0.37711,2.3616,6.2474,7.6888,-0.84641,-0.082273,10.377,-1.2276,-0.58495,7.3025,-0.34699,4.1234,-2.9266,1.0786,9.7471,12.461
8.635,-2.0188,1.2195,-3.7106,8.7394,13.102,10.865,-3.5915,-3.2011,5.5823,4.4021,9.1577,-2.1889,-0.54658,1.87,10.097,11.259,4.0344
0.5482,-2.138,-4.1664,11.485,-0.12291,6.0703,2.93,0.98187,12.303,8.7684,-0.01121,11.171,-1.8284,6.934,9.703,-3.2974,5.2877,10.364
1.7377,7.3975,2.6279,5.1638,11.808,9.1581,-1.3486,12.734,-0.71069,0.13541,4.1313,0.44975,3.6469,-0.92868,6.1718,-4.2,5.8028,5.6572
10.548,6.1124,9.6601,5.1942,7.952,12.906,5.8321,11.771,0.74308,3.3394,2.4851,1.6346,10.247,4.447,7.2504,3.7826,8.8601,1.1888
6.9747,11.835,4.5559,-2.2691,9.7576,10.796,8.1653,-1.2765,10.829,-1.1179,-0.40377,10.31,4.5996,5.3402,8.1396,-0.62176,3.0097,5.9498
0.19075,0.219,1.8993,2.0706,12.611,4.6488,0.46662,3.878,1.8873,9.1983,-1.1165,1.228,2.9944,5.4835,10.413,6.8431,7.5708,10.102
11.856,-0.85214,2.0327,-3.4696,5.2058,-0.59911,12.181,9.0865,9.3149,6.2891,9.0718,8.449,8.3562,-2.3673,6.9567,-2.1019,-3.6544,11.329
6.9942,-4.031,7.7501,8.7488,-4.2703,2.4277,9.8843,-3.9093,-3.0172,1.2896,-2.4714,9.9309,-2.0774,10.529,4.5353,-4.1915,-3.736,2.4906
-1.8718,-2.4489,5.0046,9.4025,3.9166,0.63335,6.9869,3.547,5.3851,1.6794,8.1924,0.63651,9.0992,3.1772,-1.0971,-3.4249,-1.5314,10.786
6.3238,6.805,7.0095,-0.76741,6.4539,0.53247,9.2201,-0.79792,6.1725,-1.1268,-2.3456,-2.1164,10.228,7.5784,0.28553,1.454,10.398,11.521
2.1898,-0.83063,12.41,5.7404,11.48,0.98152,1.7278,1.0223,6.811,1.6036,6.7159,2.7293,2.4317,8.3297,4.5207,9.7093,10.55,8.0768
-0.075689,11.789,0.37015,7.5364,2.4082,-2.8407,7.5138,0.10017,10.15,3.7177,10.544,5.8797,1.4341,3.5358,-3.2531,8.343,11.08,10.657
1.3323,1.6982,8.8964,4.8184,12.186,-1.5086,-0.57956,2.6318,9.334,8.3439,-2.5282,7.5439,3.9312,-1.1958,1.4603,10.032,12.091,0.70618
5.3732,3.1202,8.4846,9.8673,4.9065,8.9221,7.7581,1.5937,2.2905,9.3799,4.5191,8.3701,1.308,2.6727,-2.1926,4.489,-1.2443,7.6054
14.199,6.1563,-4.1963,5.5703,10.388,11.8,3.3436,10.861,4.4432,-2.014,9.106,10.298,9.6678,0.23955,-0.98342,0.67689,11.363,4.3801
9.7404,11.026,6.2269,-0.055668,-2.655,0.54631,-1.1046,-0.53029,3.4009,1.2599,-1.6899,5.7842,-0.9425,9.6216,7.3082,6.7213,3.9565,6.8582
6.5698,7.5713,8.9404,8.7689,0.63866,-2.5057,7.6493,9.2411,9.4438,-1.2055,10.212,-3.6995,5.3011,-0.58009,3.12,-1.6665,3.4681,0.084086
10.091,4.9131,0.6898,2.5111,-0.55236,10.198,7.9645,8.1544,5.8002,-2.0077,0.21039,4.8003,2.408,5.2834,-0.89204,2.0388,-1.1172,1.9751
5.08,-3.3145,0.04966,4.9513,0.11765,0.83714,-2.2136,6.9359,-1.1904,0.33513,4.9505,12.976,6.092,-1.0947,4.7453,-3.372,11.24,3.7917
-1.5143,-3.5872,1.6191,-2.6649,1.5997,-1.705,10.217,5.0349,0.79874,1.8122,8.9259,11.627,8.2865,-0.0086405,0.47569,-2.508,8.1932,3.4747
-0.92219,-3.8854,12.203,5.9636,0.3739,-0.89179,-3.9557,0.65244,7.8328,7.6062,-0.29246,13.794,6.6632,7.9664,3.0944,1.2437,-0.98334,5.8487
-3.2296,6.7185,7.6596,-0.87801,3.2205,3.9588,10.622,8.9622,4.7499,-2.3683,1.4687,-4.0723,7.721,7.3478,5.3664,3.2949,4.1777,0.1076
-0.79961,10.973,0.043677,-2.5171,7.8545,1.2607,12.752,7.5332,6.4204,-2.6046,5.8787,8.3497,3.8893,5.4804,-0.90661,10.414,4.2215,-1.8013
0.39904,10.17,7.933,3.3205,7.0565,10.819,10.375,-2.7961,2.6053,-0.087668,2.142,7.0497,1.8642,-1.3995,7.4512,-1.6756,3.6681,4.0854
12.936,3.9999,2.768,2.9436,2.556,-4.0344,1.1481,1.5659,5.5395,-0.28575,0.71256,-1.832,-2.8158,7.355,6.3555,4.1108,-0.5748,-0.24998
8.3975,9.895,0.51504,-2.0383,9.168,10.12,1.8029,7.7271,9.1175,3.8471,4.0669,9.3943,9.7039,0.27103,9.7709,-1.2538,-2.6031,10.466
11.754,11.364,-3.8358,0.56897,12.39,1.5639,6.1674,5.7626,5.1194,8.1123,4.1567,-2.7493,4.6432,7.8626,-0.2706,7.6047,-1.2832,-0.15002
7.5687,1.8466,-1.452,7.6771,4.5956,10.69,3.8094,-2.2206,-0.24116,6.9819,7.8643,7.2232,4.8205,-1.3747,-0.7218,7.5589,-0.4827,1.4141
9.4052,12.8,3.8746,4.0695,-3.5197,11.057,4.9062,7.9613,-2.7863,3.9933,1.2091,-2.7909,3.4549,-0.54606,-0.23807,11.716,-4.0409,3.4173
11.155,4.5178,4.9871,4.1947,5.4658,-2.0034,9.7848,6.1972,8.0304,2.1865,-2.1543,3.2212,9.9522,9.2969,-0.54131,7.4503,10.158,-3.6971
3.5892,4.8457,4.4492,-0.14797,3.5561,7.4679,2.3969,1.6408,8.8356,5.4003,4.6614,6.9648,2.7621,8.4727,-3.5782,-1.4095,10.603,-1.9083
-2.2987,-1.0537,11.358,-3.1143,10.324,10.761,7.6169,7.9521,0.6051,12.108,8.6849,10.203,9.1262,1.8191,3.556,7.8477,9.4685,1.6595
4.5921,-1.5799,5.1649,2.6437,0.17596,2.1755,3.4619,9.0806,9.79,2.0131,7.7019,6.4018,-2.4744,8.9293,4.4301,3.4895,-3.1343,-3.5434
10.518,12.652,-1.2667,1.1494,12.707,-1.4011,5.6668,-2.406,-2.1698,8.0351,8.2402,3.6218,5.3873,-2.2089,6.5914,2.9149,7.8633,-3.1248
7.9749,1.7551,5.1718,7.9466,12.567,3.9943,3.9467,-2.3365,0.12838,6.5169,6.9575,-0.1276,2.1298,8.3491,9.0484,5.0746,1.8107,-3.3606
13.374,7.7298,2.2659,-1.4042,-3.4422,3.6819,-2.5666,-1.2292,-0.32908,7.4237,-1.1119,4.8411,7.4695,8.6414,1.086,5.5341,-0.25475,0.067026
10.432,-2.357,10.069,2.9234,12.628,1.6877,7.933,1.5497,7.5427,5.5574,0.68197,2.2642,-1.5186,-2.3677,11.298,2.416,-0.43075,-0.56235
6.3288,4.0363,8.278,-2.1285,1.244,0.73821,10.148,-0.018122,9.7806,-0.12717,-3.5568,1.9191,5.8915,-1.9967,4.6174,3.8224,2.5939,1.9036
-1.1725,2.251,1.0434,8.0619,9.0553,10.751,-3.6388,4.27,-1.2869,3.583,9.6388,-3.4768,-1.5933,7.4694,5.0035,2.002,8.3283,2.304
-3.2837,6.2444,-2.8135,1.7067,-1.8283,3.3839,6.4804,6.5712,-1.4158,-1.13,5.0257,7.3634,3.0426,5.8906,0.12645,3.0015,6.4144,-1.9638
-1.8843,8.4564,9.8311,3.1974,9.4525,9.4708,11.966,1.0985,10.176,-2.7308,0.25919,6.1713,0.018376,4.8694,10.276,9.2777,1.3032,3.1103
8.726,-2.5313,1.2045,4.471,11.02,11.894,1.2027,-0.26524,9.6897,9.2192,3.445,-1.6519,5.4242,7.236,1.4424,-2.3012,10.541,-2.5204
8.6938,11.263,-2.7798,-2.33,-2.0632,10.047,-1.2078,3.188,1.0949,-2.0499,6.8609,0.38424,4.252,7.7853,10.752,5.2449,2.3846,3.158
3.5987,9.1584,9.3433,-1.7036,-4.4,3.4767,4.8694,-3.2583,9.0062,5.5391,2.8247,-1.0625,1.8383,9.5994,0.021573,4.5494,1.8424,10.826
11.863,1.2197,5.7576,6.4517,-3.0429,0.10457,7.0246,1.9477,2.4121,8.9405,0.51935,-4.5936,3.7418,6.6734,-1.5727,-3.674,8.4169,1.5053
6.4298,12.866,-2.5856,-0.99734,8.0873,3.4913,-0.22796,6.0046,0.49258,-2.5734,3.1325,8.8907,4.5279,6.8776,10.888,8.4857,12.021,-3.2636
6.2859,2.4585,6.8399,6.2588,7.7457,9.5735,2.1507,8.4985,-0.99024,-2.5354,8.9529,-4.0704,-3.1533,6.8966,-2.1795,8.0158,9.8051,3.485
11.354,12.474,3.987,1.3103,4.1011,9.5361,2.1881,4.4984,-2.2332,11.182,-2.3628,6.4758,6.2811,0.31679,5.4398,1.458,-3.8425,8.127
12.249,10.387,3.8341,3.9913,-0.73651,-0.35007,-3.2227,5.0036,3.5565,0.45138,4.4246,8.8184,7.5465,9.0338,-3.046,3.6635,2.9257,7.7691
10.013,10.298,-2.669,-1.7843,-1.5011,-1.0065,8.1758,4.4557,7.8335,6.0423,9.2636,-4.1675,-1.9304,-2.8336,-0.65046,6.6379,10.056,-0.88081
1.8769,-1.137,-2.8692,9.1537,11.487,-1.223,1.7146,4.0769,-1.4529,7.7141,8.9249,2.2351,8.6234,8.7379,4.1057,4.4496,9.0353,7.0741
11.27,10.027,8.0464,-1.2446,0.92079,7.6102,0.61017,-0.49901,10.625,-0.86529,8.2553,-2.5878,-3.1599,6.5854,4.3115,-3.3249,0.27908,8.3895
10.103,11.698,0.86929,-0.56523,11.723,-0.070895,2.6898,0.29829,0.31438,8.1713,-3.4346,-3.2374,7.3762,-0.17004,8.8773,6.7249,9.2267,2.993
8.2934,10.417,5.8471,5.3354,2.2211,10.065,1.6798,9.7027,5.8284,-2.1615,-2.2016,10.574,3.706,-2.6426,-0.27049,5.1451,9.7053,9.13
-0.66302,-0.37511,-1.8471,1.6156,-1.0701,2.0916,6.2506,1.4252,-0.26759,-1.4854,-1.3725,10.98,4.9136,9.7957,-0.75215,-3.0361,12.015,-1.5146
-3.2761,7.1793,2.0251,-1.0186,8.9986,7.6028,6.3544,1.7185,6.2153,5.8759,-2.0639,10.895,6.75,4.3971,-2.4782,5.8171,-4.0246,2.8622
5.1675,7.6953,3.3859,1.494,4.8112,9.1898,2.6784,4.424,10.203,2.122,6.8943,-2.1822,3.7396,-2.9731,4.8392,9.9863,5.3489,6.5755
1.7001,-1.7208,1.0231,-1.1385,2.5772,-2.5683,6.1281,2.897,1.1599,8.2196,-1.3165,3.5086,1.9131,-1.6161,9.4225,0.60316,5.0342,6.1951
0.62836,-3.6208,2.5445,2.8315,8.3071,2.0909,4.3701,-0.82569,8.94,5.3059,4.7471,8.2695,6.3586,10.739,2.2203,1.3349,8.8666,-2.6059
2.5476,8.1145,5.174,-0.16946,6.2678,5.1311,11.211,11.338,8.2659,3.5609,1.3326,9.8415,-2.0738,4.2343,10.167,-3.2072,8.7583,3.5864
9.4574,1.2508,1.4608,1.5065,12.08,3.5519,7.5925,5.7888,4.5234,3.7176,-2.5492,1.7927,5.8512,-2.0579,-2.2584,-2.5843,11.391,4.8281
0.28371,4.3902,1.5731,-1.5781,9.1147,1.8753,8.5743,10.405,2.901,1.8953,4.6297,11.354,5.0796,-3.3779,3.733,5.3299,1.4242,1.2386
10.14,1.7075,3.2755,1.516,11.417,10.78,3.5021,1.6143,1.6118,-1.677,9.8646,12.556,3.4159,9.2882,0.067995,2.6363,9.8254,0.07301
-1.3147,3.4375,-1.1482,8.8792,-2.328,9.5225,7.7362,7.2353,3.172,7.758,5.5763,2.3646,3.3049,6.4169,7.6515,3.638,7.7605,5.0056
0.41245,-1.6331,-2.3994,-0.070165,5.8178,4.8389,-0.65087,9.2697,8.0402,7.8379,1.8611,-1.5985,-1.584,0.72834,5.4919,7.4592,0.76299,0.38901
-0.54607,12.029,2.9799,5.7861,8.6907,-1.1744,0.46753,1.9182,3.4435,9.8316,-0.98999,8.8747,1.6562,1.7111,9.3756,-1.2738,10.465,-1.5111
7.1849,2.1086,2.104,9.8409,-1.5265,0.36714,6.298,7.0721,6.9097,-3.0694,-0.83469,10.241,-0.59629,7.1791,-1.118,7.2921,4.6475,-1.8802
8.6648,7.701,6.557,4.4458,4.5323,4.0329,8.4495,6.4568,-2.5197,3.8435,5.1823,11.707,9.4152,4.7479,1.6366,10.874,13.306,0.39859
3.4756,4.8145,2.8225,6.2901,5.4384,4.1319,3.1461,9.6748,-1.2739,10.997,0.20222,-3.2829,2.5745,5.964,-0.71581,4.8455,8.458,2.759
11.387,0.19622,-2.5403,1.5666,7.8125,-0.69569,-1.7738,1.3431,-2.1156,2.8675,1.9468,3.5462,5.0681,0.26013,-1.3143,10.091,-2.4169,0.4114
11.506,6.4129,-1.1836,4.4004,2.0547,9.4119,3.7296,2.5177,0.37461,8.4052,6.355,0.9124,10.175,0.41085,7.9493,-0.33841,11.814,4.2113
1.3417,-4.2597,9.4646,0.87158,1.7076,1.4455,0.26112,4.0549,10.894,2.5789,0.37131,13.142,-2.4018,1.452,6.7687,7.6986,9.8984,2.9344
-2.8484,-3.684,9.1878,11.71,-3.8218,9.5783,3.9137,8.8869,4.1248,3.2978,9.472,9.5634,-0.76796,-1.766,5.576,0.49275,6.9084,9.7533
7.022,8.2333,9.1852,6.4609,2.6105,8.4315,6.2498,2.5468,10.163,5.0511,8.587,12.35,-0.044594,7.1224,-1.4217,1.9895,4.8107,7.1908
1.6966,-3.461,2.9838,10.177,-3.9555,7.5601,1.4017,3.979,0.34505,10.54,0.80625,5.0694,-3.064,-2.6733,2.4116,6.2472,9.2366,9.7142
6.7137,8.5663,8.8812,-2.1725,-2.9895,3.6708,8.5151,6.1464,-3.119,-3.2933,9.1215,8.1198,8.5024,1.7849,0.67527,-2.4528,12.259,0.033728
-2.4574,13.972,5.8797,-2.1461,0.62737,7.6146,5.1191,7.6955,7.5218,-0.17675,0.17405,12.289,2.6062,9.8245,-0.28286,9.6484,6.6895,9.3231
4.7427,-3.1196,-0.13284,-1.3288,-3.5003,5.8874,4.6356,-0.79402,-1.1169,5.552,5.2774,10.395,-1.0377,-1.1076,10.145,8.6338,-0.9254,-1.7085
-3.0933,1.0915,5.6794,8.04,4.8578,-2.4677,6.2116,-0.98062,2.5758,-0.7869,0.59629,-3.0027,10.391,-1.5235,3.7878,-3.4788,8.3576,0.22027
3.8653,7.1804,-3.0906,3.4206,9.2672,7.6349,-3.2755,3.1331,-1.0817,8.9397,4.177,2.515,0.21654,0.30279,-2.896,-1.4207,11.326,-0.84402
-2.8028,10.789,4.6075,0.85536,-4.1118,5.5502,4.2225,10.321,-0.44139,-2.9443,4.7592,8.5395,5.0997,3.3147,9.1203,-0.0043139,11.65,-0.89774
2.0867,14.482,6.801,11.39,7.852,-0.66488,-2.7776,1.4962,-1.719,9.1581,-2.7609,-1.8446,2.0178,6.7408,7.1803,0.38621,-2.1348,4.5966
2.9984,-1.8958,-2.0655,1.1027,-1.393,-0.15464,-1.4947,8.6464,-1.1019,2.5396,0.80378,-0.64779,5.8373,3.6524,1.5136,2.8222,9.8673,8.6824
3.2244,-3.966,1.6819,-2.7393,11.892,12.951,8.2357,2.1593,-0.3826,-0.86702,9.7285,7.2594,6.8857,0.23057,5.1691,9.9177,-3.4935,-1.6353
-0.89963,12.915,9.0125,6.1717,9.1019,5.8158,-0.20521,0.53211,7.4828,-2.1624,-2.0975,8.1876,2.4267,7.5664,10.38,3.3167,9.8716,8.1693
6.052,4.0647,0.4444,0.52448,7.9477,11.941,9.4032,4.8393,6.9672,9.2291,1.3671,5.3922,-2.0028,1.455,4.5781,1.3789,4.0819,6.5294
-2.8919,-1.1271,3.9523,-0.55694,2.5719,9.8432,11.394,-0.028704,7.5271,-1.8826,0.73917,-2.338,10.249,-0.46601,8.2514,4.5878,3.3231,1.5677
2.6835,0.80314,4.0063,6.8202,1.2427,12.203,-0.98002,4.7726,2.7326,5.8687,1.0505,6.4994,-1.5327,-1.6542,5.0834,8.3143,1.4915,2.0351
2.2345,10.334,4.9924,-2.4849,1.1263,9.519,0.87691,-2.0676,-3.0864,7.7923,8.9849,12.094,-3.0658,5.7781,4.2943,-1.5762,-2.4469,2.0496
4.4125,-3.4857,-3.3164,-1.8197,9.1133,5.2691,6.4367,9.2637,7.7182,-3.3767,-1.0792,8.1473,-2.2154,3.231,2.5742,1.8381,6.6201,7.6586
11.477,12.862,9.6731,-1.0275,-0.14635,8.182,4.8686,-2.9384,-0.46805,3.0706,4.5975,2.444,4.5399,11.29,2.5402,-1.9719,1.8709,7.6624
9.5656,13.376,2.3806,3.4186,-0.35432,5.425,4.4184,1.152,-1.4981,1.9176,1.2972,4.1354,4.9795,-0.12905,6.6035,5.8339,-1.5862,5.3225
1.1132,1.542,6.1508,9.1758,5.9972,11.4,4.1774,-1.731,0.39377,9.301,4.2809,12.482,5.2977,1.4368,1.9716,10.476,8.0477,4.0242
1.6044,-1.4501,4.5812,8.1862,9.2873,-1.9402,1.2343,10.103,9.4112,2.7641,7.6458,10.837,1.1213,0.29699,3.5189,8.0556,-4.2214,7.9448
8.8974,1.8435,8.7843,0.87344,6.2295,1.9832,9.9226,1.1409,5.863,2.275,-0.65807,-1.2688,-0.65263,2.7492,-1.881,1.4712,11.602,3.0587
9.1279,7.915,2.8373,10.625,11.352,5.285,2.8849,9.2839,8.09,8.3841,0.064432,0.71349,6.77,-1.0007,2.4877,0.66018,4.806,4.2524
11.947,1.2008,-2.2422,4.8235,0.29893,-0.93091,6.019,-2.5997,-2.3803,9.0132,3.8888,5.9072,6.516,5.3757,10.078,4.5465,7.5292,7.1598
6.183,-3.3142,2.7833,0.29295,2.7888,-3.3724,-3.8289,5.2716,3.0736,1.1712,5.5056,-2.7347,2.6452,-2.9078,6.1197,3.6048,8.0528,0.051094
3.0601,3.8818,-2.1182,10.161,-1.4379,8.6558,-0.42686,4.9928,8.3502,5.71,2.099,13.209,7.2114,0.33581,8.9112,7.4029,2.0726,9.4238
12.413,-3.5073,6.1443,9.0873,2.749,5.314,0.075212,5.6797,3.8429,5.0164,2.5436,8.605,2.0495,-0.58029,9.2563,-0.48796,-3.1236,7.1372
-3.3939,11.399,1.7342,7.1747,10.089,-0.68522,11.447,7.8049,-3.0264,2.1457,0.95201,1.6374,0.57894,3.5548,5.8233,8.1307,3.5808,-3.2126
2.133,-1.3408,9.5232,10.368,0.66045,12.181,-0.3337,6.7008,2.4572,4.9139,3.4994,10.742,1.538,5.1503,5.695,-1.8388,2.1167,-1.8972
8.2644,11.072,8.0343,6.0646,4.1268,9.5675,12.627,-2.8101,10.417,-0.27285,-1.8353,4.3657,4.6265,0.49918,2.3229,-1.1682,-0.6787,4.6161
4.8658,6.3886,-1.9377,5.0641,5.668,10.098,7.7292,5.1912,10.037,8.4149,8.3669,11.423,2.9268,-0.9844,7.4691,-2.0538,-0.54064,3.62
1.8249,1.3853,4.2968,7.0938,1.797,9.6003,-2.8808,8.1466,-1.4415,0.64176,9.0582,11.723,8.0179,1.8084,-0.43701,4.361,5.9291,-3.0697
4.3215,6.4374,-1.3019,-2.1277,-2.8607,-2.4323,8.2459,-2.672,6.8062,2.2802,6.0033,5.7731,-1.0129,-1.1452,-3.1361,-0.76469,2.6473,-1.5886
1.8581,-3.9895,0.2777,-3.6772,7.8849,1.0706,10.735,7.1774,6.6506,8.2484,-1.5521,-2.9226,6.6939,4.4877,4.3122,-0.67244,4.7941,3.5084
-1.7933,8.502,0.073419,1.466,3.0833,6.7984,10.004,-0.74813,7.4246,3.0082,7.1324,2.1395,-1.5958,2.6526,-0.46716,-0.17854,10.746,10.378
-2.7427,10.487,10.021,11.68,-4.1274,5.5161,8.2391,-1.0085,3.2107,10.949,0.23679,3.0377,-3.4674,-3.009,7.0228,9.2693,8.6026,7.7945
2.3073,13.071,7.6648,9.4324,6.9137,-2.6043,7.7113,5.6024,7.3128,5.5451,-2.9679,10.76,-2.831,6.5142,-2.0355,-2.9143,2.2317,4.2941
1.1406,13.421,1.03,2.8817,3.7238,1.1648,-0.27275,10.542,6.6714,9.3442,5.7286,6.8669,-0.75362,-0.41697,5.1524,6.8517,0.14809,-3.2029
5.1148,6.1247,-0.018195,-3.7833,10.961,5.2556,9.9623,10.636,2.1962,-2.9829,4.3573,12.522,9.393,2.1728,-1.376,-0.11252,10.964,4.52
3.8754,5.7983,-0.73581,2.7243,4.9155,1.0215,4.0562,3.1473,7.6543,4.3607,7.2887,6.6724,1.542,6.7201,10.077,4.1234,1.547,5.1341
13.376,4.9396,1.9551,10.251,10.465,10.734,10.129,9.666,2.5264,-0.86416,-0.74362,-1.1923,4.11,-1.9421,0.3357,8.2787,-2.3932,7.5031
2.296,6.705,9.7057,4.5979,3.6637,0.87195,3.7273,-0.16905,1.1193,9.001,8.6196,13.078,6.9033,3.9641,3.2287,9.8223,11.842,5.2876
-2.1482,6.5478,9.3694,-0.16635,3.346,-0.36476,2.6282,4.279,-1.9236,10.348,5.3077,-0.18705,1.1743,2.7967,3.9434,-2.9573,9.7044,5.2479
3.5113,9.5481,-0.72458,-0.60205,7.8199,6.5577,3.7145,0.42989,-0.049525,-3.8268,4.7465,8.7191,2.2069,10.364,10.758,2.5732,8.6386,-1.7404
9.4884,11.098,7.4099,10.18,3.4626,7.1548,-1.6309,10.326,9.9868,5.7613,6.5955,13.262,4.6829,11.964,0.7119,-1.972,1.1328,4.7864
-0.058069,4.0473,7.0258,8.6026,-1.0332,6.3911,-2.2338,-1.94,4.0738,8.5911,-2.647,9.687,-2.0281,3.4376,11.744,9.2192,12.409,-3.3315
-1.455,12.001,-0.5819,4.605,9.8824,-1.4187,4.7223,5.774,12.062,10.196,1.5695,4.0988,-1.6831,-1.2417,12.474,11.012,8.391,11.449
13.184,6.051,-0.19018,2.6495,6.0795,-2.142,-2.4384,3.5191,9.9714,7.2336,5.5942,11.195,4.61,4.0973,-3.1793,-1.9698,4.3535,6.7988
5.3661,12.675,9.0726,7.0989,12.145,0.27548,13.453,-2.0131,13.755,3.9529,6.6459,2.1917,-0.069174,-0.12042,10.361,3.1169,-0.55004,11.051
9.2371,-3.6119,1.3848,3.097,8.9109,-1.3388,13.308,-1.7032,7.1967,11.405,3.4217,-3.0465,10.265,3.0039,4.5833,9.0052,-1.6573,7.8423
12.418,8.5618,0.71132,2.0139,8.3206,2.2475,-0.51793,1.9697,7.9848,8.3164,4.5556,-1.4664,-2.3427,0.59117,11.272,6.7442,7.7673,-1.2839
9.2296,8.8119,9.9522,-0.0484,9.0846,13.704,9.5625,1.3407,5.4106,4.3376,2.4987,6.4825,6.2671,11.939,6.2677,7.0951,3.3684,2.1005
13.117,6.876,4.3607,12.793,-0.32349,5.758,5.9488,7.8941,8.1075,-1.8081,-2.3016,10.993,-2.2617,1.5459,1.8786,10.088,-2.32,-1.8708
12.441,11.809,-0.60864,-3.7362,6.0626,11.282,3.1148,-1.8046,-2.9672,8.7145,10.048,-3.0279,4.8597,-2.5123,-4.1597,6.8925,9.4658,0.45674
9.8468,9.5257,8.3255,2.4473,-2.5085,5.3392,0.30623,-4.2002,14.745,11.63,8.7717,0.84734,6.0266,-3.553,10.195,0.10415,2.397,13.097
3.8921,2.3139,12.598,-1.641,1.5377,6.5866,7.8401,7.6794,11.82,4.9763,3.3314,7.4446,1.4732,3.1997,-3.6499,-1.2919,7.309,3.2281
-3.1375,-2.8886,-2.252,4.2692,8.9315,2.4717,4.0209,-3.0739,15.027,-3.7247,10.948,-2.6221,11.358,-1.9483,10.575,-1.1174,2.6998,10.742
-3.3491,6.1308,4.9155,-2.9113,0.77589,8.3304,13.428,3.4103,9.1502,-0.83756,11.605,11.782,4.8868,9.9104,-3.5941,3.9525,-2.4346,10.448
2.2855,-1.3079,6.6737,1.2812,3.0297,5.5003,4.5334,0.24295,-1.1612,6.4748,11.34,0.45654,7.6579,11.419,10.025,9.5088,7.4711,10.007
-3.2528,4.8697,4.8569,8.5118,5.2592,-2.9498,-3.539,8.3822,7.4279,3.7401,5.752,2.8908,0.22047,8.4448,12.173,10.707,12.903,4.6686
4.2893,-1.841,-3.0039,9.2633,12.936,5.5741,11.685,7.4099,7.103,-0.094693,11.15,2.7283,-3.1817,11.447,1.7803,9.926,10.862,7.5707
-0.11698,9.5881,6.8485,4.0983,4.1289,15.302,3.9728,7.576,-1.8035,11.977,8.2297,-1.727,7.4463,-3.8321,5.1046,1.3797,0.52981,9.3212
2.7582,-0.072172,0.8233,1.0913,1.162,4.7166,13.764,-1.822,0.94947,3.799,9.4555,2.141,8.6282,-4.1507,-1.8887,7.8178,-1.551,9.0068
10.871,-3.4189,11.694,-2.9802,-1.7285,-1.5695,-3.4978,2.8834,3.9227,6.493,4.5821,-0.028578,-1.2972,13.092,10.231,5.9542,-2.5116,3.864
8.6872,3.1383,9.9654,9.9923,2.4206,4.2891,15.793,-1.0958,2.7344,10.496,-3.5734,3.3504,12.047,-0.017819,-3.1754,4.1672,-3.7208,9.7141
7.2662,12.853,5.7691,-3.7751,1.2533,7.425,5.4719,12.649,10.84,6.9873,4.2151,-2.3724,0.44608,3.6374,11.787,-0.87101,5.1169,-2.2515
9.5395,7.5423,-3.6434,5.9887,1.9232,11.852,6.2088,-3.3065,10.059,8.3152,4.5329,3.4223,10.712,11.325,1.3345,12.929,2.8772,3.4832
3.0362,0.030419,5.3451,-3.4011,0.87956,7.0617,3.3944,-0.67187,1.0986,14.523,3.1879,-3.5592,-1.0425,-4.6309,-3.1323,-1.3881,-0.18547,8.0895
-0.27617,3.2628,2.012,11.995,12.536,12.501,12.681,12.442,14.197,12.208,1.6586,-2.248,6.7422,2.1715,8.6456,5.6486,-2.0796,3.462
8.4315,6.9471,5.0195,2.9411,7.3316,-1.6329,1.8338,0.9623,-2.0402,12.004,2.9486,-1.5296,-3.644,5.5126,3.2848,5.3198,9.5754,-3.4588
-1.6927,8.3286,-3.7976,4.2744,6.9261,5.513,6.1502,6.5128,-0.98846,2.2026,0.078125,5.129,-1.4,10.38,5.237,3.5867,-1.3709,-4.5642
-1.3202,9.4366,9.4167,-0.57438,-1.9011,-1.0669,-4.8703,16.567,12.943,-3.2747,6.5602,12.061,10.872,-3.3682,10.368,0.13013,-3.6826,-3.0575
-3.7825,8.3732,2.764,12.115,5.9409,10.501,-3.2203,14.065,13.277,8.6213,10.933,5.444,-1.5385,12.412,10.473,2.0658,-2.5747,4.3115
-4.0806,-1.432,-4.1632,9.4522,12.705,5.5193,14.409,11.943,-1.3669,14.849,1.5251,4.9883,2.4001,14.071,-2.6159,5.1109,6.5467,5.8514
2.9889,13.483,-4.3532,10.106,-3.6978,15.503,-2.7874,13.071,11.963,-2.4756,-3.5086,3.2326,1.7471,-1.6617,7.5909,-1.7058,-1.7001,14.003
3.1311,8.2341,9.2032,4.8629,8.6293,15.245,14.818,11.632,3.0866,11.185,-2.8476,-1.5965,6.1373,3.5834,3.6151,0.28141,5.9698,13.506
4.6811,5.9371,9.5519,2.8711,-0.88541,9.0576,4.5791,15.014,14.286,10.529,-1.7378,4.1432,10.628,12.747,3.583,7.4793,7.0258,3.3272
9.8134,5.18,1.2704,9.3052,-4.1358,14.479,14.252,9.4303,2.233,12.515,9.332,-0.32658,11.925,1.9539,2.856,7.9973,6.7147,9.6866
6.432,3.5072,9.3565,12.258,2.7656,4.4375,-3.4127,-4.5251,-1.1526,13.452,1.2424,-0.1875,7.9991,13.717,5.9832,-2.4297,-3.034,-4.3993
8.355,4.6767,2.0916,-3.3199,3.9386,14.743,7.5696,-4.2361,0.49616,-0.05275,-3.0383,11.165,0.89107,1.0207,6.4176,5.9315,1.6166,2.4855
-3.9746,2.2402,9.2198,12.124,-1.7284,-5.3366,-2.0332,0.58544,11.442,5.7636,9.1874,8.3726,0.88995,12.871,5.5597,1.3842,1.7887,11.755
11.046,-0.8919,3.8595,-1.1109,7.2607,4.6614,11.383,-3.6114,-4.0435,-1.7944,6.2326,6.8347,-2.6752,0.79306,6.7188,10.057,7.3206,11.275
6.6557,10.626,3.5016,1.0165,16.133,6.2181,1.968,3.3016,-3.0061,-3.7556,-0.016839,12.981,1.8897,4.7135,0.98338,2.9882,3.9243,1.7197
5.6299,-2.7038,2.9468,0.81805,-2.8102,-3.113,3.0244,-1.7013,4.7203,14.553,8.8878,3.8838,-1.2226,8.21,0.51956,3.6331,11.157,2.5069
5.9547,-2.3731,6.6957,6.4711,6.4898,3.3677,-4.7196,14.733,9.0861,-3.0494,-3.538,11.876,10.152,13.176,5.8059,9.8506,2.4123,1.1899
1.4711,2.1989,7.8388,6.0852,12.42,2.2032,8.0077,9.4407,9.6655,13.446,9.3064,7.2714,-1.3588,1.6419,-2.3384,11.8,-1.1564,14.046
11.201,3.0023,6.7922,0.85229,7.695,7.8262,0.059626,-2.5426,-1.5795,1.2882,11.135,0.92965,1.1386,1.6332,12.441,5.5562,9.5801,10.04
10.36,2.9462,2.1896,2.3624,5.2041,4.8394,4.1592,13.674,13.432,2.4237,9.0518,-3.1802,12.157,-1.2744,7.0166,1.299,-3.7552,-0.88571
2.0424,12.219,14.7,-3.4132,16.348,15.859,-1.7828,8.399,14.347,2.3375,9.5749,6.8096,12.562,3.8655,-2.7654,1.015,8.9937,-3.4707
7.6454,2.7107,8.6645,1.5383,13.764,11.735,6.7664,-4.2194,5.9516,0.36298,2.333,-2.0515,6.8872,10.924,6.8565,3.6168,2.6222,10.417
1.3221,2.4315,13.427,3.3256,-3.0382,5.352,14.739,10.389,1.2019,4.9312,0.48918,7.832,6.7964,6.3215,-1.5647,0.93536,7.2254,1.0802
14.924,-0.12002,2.3907,9.704,14.699,-4.8503,-2.384,1.8913,11.37,0.78946,12.543,11.149,-3.3771,3.0234,8.5091,-2.4887,12.67,11.891
15.039,12.896,15.034,4.5438,14.173,-4.8554,12.47,2.5397,9.4341,5.729,12.361,1.0336,3.9251,11.791,12.965,7.9705,4.6931,7.057
13.6,-0.96688,-2.313,8.372,-0.58933,5.627,-5.2068,3.5852,11.317,0.59329,14.162,0.061664,6.5831,6.7984,-2.2149,7.0656,-0.63277,14.086
9.7788,11.065,8.3995,11.739,4.6856,9.3367,3.6897,2.9867,12.614,-1.6738,6.9101,-2.0517,10.424,7.2111,2.8357,-3.8349,0.49923,9.1829
-2.1453,5.6087,4.5129,-2.0721,13.371,4.7814,4.4244,10.943,7.9514,9.5412,-2.0231,4.189,6.5764,3.1077,10.278,2.5796,2.4207,-3.5873
1.5515,0.74597,-0.86436,4.5755,0.99319,-0.41315,6.9066,6.814,2.3072,2.7847,6.5152,11.01,2.0654,-0.42264,3.2639,8.1702,3.2481,-1.8423
14.489,0.27943,6.8998,1.5666,4.4035,6.5061,14.011,14.981,8.6965,10.854,4.2032,10.548,-2.2044,3.4248,4.0931,6.6116,7.974,12.871
11.83,12.162,-3.9177,12.731,-5.1595,10.875,12.663,7.4089,-0.6018,-3.8284,-3.526,11.985,0.29477,2.8756,7.4434,7.0144,8.4705,12.49
5.4874,9.0553,-3.8367,7.4593,16.709,13.137,11.115,-5.245,-0.91171,-4.5445,-1.3137,3.4712,11.317,-3.8766,4.0587,9.2007,11.629,12.889
10.667,0.96555,6.9606,10.965,-3.0742,0.97571,1.2001,3.4632,15.046,6.302,3.9226,-3.0053,9.1901,0.19097,-0.24831,4.7349,4.4846,9.1448
5.6408,15.483,6.2028,7.2018,13.625,0.45616,4.9751,3.2943,9.7026,-0.23902,5.56,3.9669,2.9726,-1.7763,13.67,3.5252,12.529,-3.2282
5.401,-0.12554,1.2445,12.141,-5.3475,5.2906,15.101,2.7687,3.9722,0.94804,9.2768,12.925,6.4092,3.8964,1.7846,1.2143,9.9308,12.94
1.875,0.97114,-1.3542,3.3678,1.7009,15.52,12.135,5.0625,-0.98002,9.0778,8.5551,-2.9987,11.071,-4.2546,-3.5829,5.7359,3.4568,-0.86516
0.38561,14.594,10.372,-3.7693,15.132,-2.9121,3.0181,12.705,-4.8365,3.9513,5.7999,2.4549,4.3995,-2.5318,11.357,8.7758,1.6497,8.3868
16.18,7.2962,-0.31919,7.974,8.3194,14.436,9.9004,0.052368,14.086,2.1794,8.7534,-3.0861,6.4755,3.1539,5.1709,2.3113,-1.4962,1.3076
14.177,-2.0487,3.5299,-2.4413,2.52,1.4969,-4.7351,10.768,7.6292,4.9471,-4.5289,4.9668,5.2196,-3.1204,-2.6179,0.85861,-2.1785,12.087
1.5808,-2.3184,0.061959,-0.86869,11.431,12.328,-4.8705,-2.8265,3.3288,9.4091,11.466,0.078084,4.1014,6.8519,2.8978,6.3411,-0.62128,0.1289
11.683,-3.3014,-4.6321,1.0481,-1.8321,6.7206,-1.3706,-3.975,-1.6734,0.43717,14.386,4.3078,12.986,2.7786,3.4854,9.2873,5.5075,5.5969
5.3223,13.653,12.318,11.114,-0.1419,11.932,12.698,-4.3024,4.8698,6.6468,-3.7608,4.165,9.9568,7.0015,8.0103,1.0776,0.97218,-0.0015547
5.2277,11.154,9.2479,-1.0068,13.149,-4.2507,-3.7993,-4.5189,10.038,4.2275,9.447,0.071809,-1.35,11.751,8.6378,11.028,0.89303,11.106
8.1439,0.21317,-3.1054,13.056,0.097522,0.35894,6.1887,-3.5136,-3.0868,-4.3802,11.556,4.5411,0.12319,-4.5277,0.57066,10.6,4.2255,7.5574
10.732,9.5458,13.002,3.0151,13.868,0.56522,9.1729,5.7164,7.9689,10.618,12.85,7.5798,11.07,13.025,3.5237,1.2949,2.229,-0.014713
12.079,0.33288,-3.8136,10.34,12.339,3.2821,14.629,8.1856,-2.3614,-3.5744,3.6364,-1.7949,-1.1273,9.5248,-3.1699,8.144,11.781,-0.21965
5.3434,-3.4732,-1.2279,-0.47788,-1.557,7.5961,1.1134,7.2065,4.1288,2.2246,9.4281,2.2723,7.3732,7.407,10.11,4.8876,5.1954,4.7352
8.8217,5.0141,10.485,-2.7798,14.205,13.02,12.974,3.2331,4.4769,2.6819,-2.7438,0.34022,0.032327,5.9072,-3.8516,1.8084,11.983,10.501
8.3657,10.291,4.726,6.1284,-1.4018,14.701,14.383,14.457,2.3808,13.017,-4.2789,2.3668,-1.497,10.392,-3.4868,-3.0663,1.3095,-2.3134
9.4669,2.5048,5.1635,6.0765,2.4228,3.7129,7.5337,10.808,5.5978,3.5884,2.3296,-1.2484,-2.6507,14.274,-0.78971,-0.14121,1.9404,9.2326
-2.1563,9.022,-2.0554,8.0443,-3.4494,8.8603,-4.1179,8.7035,7.1492,10.287,-0.79795,-2.3928,0.80509,3.1933,1.9051,-3.2619,0.17658,8.3217
1.7551,-3.2351,10.297,12.572,5.6706,-0.3712,-0.27367,11.3,9.4262,6.3856,-0.65522,8.0371,13.112,4.1991,8.0651,-3.0271,5.8908,1.5923
-4.6469,0.87259,2.2608,12.051,-2.1808,8.4887,-0.74116,7.2393,-1.2286,5.4931,-3.4336,0.92751,10.191,-1.5635,-2.8163,7.5643,3.7619,3.0989
2.5653,1.7785,12.282,1.1775,-4.7864,-2.759,11.353,3.9385,6.3272,4.2035,3.7679,6.2134,6.3322,4.3823,9.7632,3.2364,1.9899,6.3074
2.022,-0.77984,4.7669,11.179,15.461,-2.7538,0.71026,-2.3732,8.6548,6.1295,1.9331,-1.9163,0.4645,9.5882,4.7264,1.2642,7.5965,6.8287
4.5609,9.7348,-1.5525,10.77,6.4107,-0.89047,-3.928,4.604,9.4171,-2.5177,10.472,8.2793,2.3282,-2.9311,-0.88394,-3.6883,7.6694,-3.5981
4.373,-2.3167,3.483,8.2393,8.2446,11.577,-0.80349,12.541,8.5216,-3.5314,5.2203,8.6051,-3.3075,7.1416,3.9334,1.6644,3.8489,1.0213
1.4681,-0.67462,-3.4012,2.1962,13.597,2.7072,6.2692,7.4671,11.704,6.8346,0.64266,3.3307,9.5108,0.36413,8.5164,-0.76549,3.3716,6.7868
7.522,8.1666,-3.1593,-4.1165,3.7901,12.296,8.6325,3.4139,11.859,8.0792,6.1762,5.9674,6.3397,11.069,0.023113,6.373,0.67751,0.5272
3.4891,-1.1972,11.067,8.6004,9.1921,9.4841,7.5293,12.757,7.859,5.0343,-2.3553,-1.9877,4.3814,2.897,8.5868,2.4462,9.9467,2.3533
7.4141,1.6814,-0.55969,10.497,15.415,7.3937,8.3769,6.3334,9.4555,4.5464,-3.1013,8.8589,4.8743,3.1105,10.271,6.5969,8.8984,-2.7696
3.2304,10.746,3.2655,10.237,8.1576,6.8938,-1.8326,-1.6077,-1.7391,2.9952,2.1422,-2.108,7.1761,1.5113,2.2519,3.8969,3.6046,3.6138
4.2466,2.2043,8.8128,4.6292,11.837,1.9871,-3.6902,0.29182,-2.7427,8.1418,9.7783,0.62991,-0.32659,1.8117,6.8932,5.4635,11.219,11.755
11.762,4.4327,1.1765,6.905,13.771,-1.881,-2.9845,-4.4791,2.3643,5.8706,-0.64978,4.8326,3.18,6.7172,8.3497,7.3931,3.6869,10.659
-0.29298,12.006,8.181,4.9517,14.705,12.566,-3.7252,6.6452,-1.5101,-3.3167,6.6884,-2.7717,10.812,2.3869,1.2669,1.2904,0.66583,8.5467
12.323,4.5778,10.273,12.24,2.7265,10.905,14.649,8.8526,9.3233,8.6289,7.6492,5.6376,9.1713,4.9044,3.7895,7.6396,11.401,-1.1359
10.995,3.9643,-0.94978,10.943,13.497,2.8341,12.434,4.1028,-3.6937,0.26973,-1.6552,-2.2763,7.9879,-2.781,6.3038,10.888,-0.52329,-1.7903
5.5624,-1.7759,9.377,13.211,2.1379,-2.7671,13.098,6.6431,-2.7866,-0.48759,8.6262,6.3788,4.5049,9.6769,-0.35342,-1.2879,9.1645,-0.94977
-1.0084,-1.8543,5.8268,1.9708,11.874,6.2447,7.4373,0.24742,4.8968,7.9267,10.962,-1.5003,-1.8612,2.6076,2.3333,5.6924,8.6186,2.3929
9.3373,-1.2629,2.3585,2.0232,2.7772,7.3029,5.1571,10.225,-1.2888,3.8162,6.7348,0.42146,-1.1,-2.2827,1.1055,1.6957,9.2848,3.1705
-3.6857,-3.7167,5.6198,2.9336,-1.758,13.68,13.366,9.8971,-2.5067,0.72049,5.7267,1.6711,1.9843,4.1816,1.0689,8.3407,-0.035614,1.8648
-2.5898,8.5257,0.031837,11.574,0.65038,7.7058,-4.3062,-1.2265,-0.015186,0.75697,10.256,-0.4075,4.7753,7.7355,6.5701,3.4816,4.5991,5.6441
1.22,10.147,3.2229,-2.4567,1.0169,4.543,-2.2198,-0.33084,-2.7247,7.1158,-2.2036,5.4735,2.1554,-0.81213,7.5975,7.6096,0.8603,2.9266
10.201,-2.6682,3.3013,-3.8849,9.4346,5.2417,4.4598,4.7188,0.16394,0.11306,-0.79396,0.14041,0.76242,-0.167,6.3671,-0.9421,-1.8723,-3.4296
7.5295,2.7845,5.7007,7.1575,7.7907,9.8929,3.2615,5.8854,2.4358,-1.0096,7.0901,7.5002,-1.8651,0.96736,0.86812,10.057,4.9075,-0.0012733
-2.2157,-3.7333,7.2056,-1.3373,11.341,12.525,10.011,-3.2327,3.8256,-1.3665,12.757,1.3108,6.9553,9.2851,-1.0262,2.7516,1.5921,-0.65643
-3.2831,8.0576,2.0577,-4.7819,9.8481,14.42,11.468,-1.7295,-1.7436,1.7155,9.2225,1.6973,3.8069,10.469,1.2077,-0.18457,10.13,0.20855
-2.0576,-2.9318,0.35371,-1.147,13.422,-4.1426,8.9213,8.5631,-1.8381,5.7119,-1.9903,0.77717,2.7481,0.84075,5.8127,-3.1199,10.636,1.9125
-3.2259,7.7779,-0.12599,10.63,2.7312,14.071,5.1152,9.8362,7.5878,6.6642,0.064514,-2.023,9.0175,10.634,3.1848,3.8605,1.5567,-2.1638
0.12931,4.3073,1.1467,11.457,8.9974,10.165,15.557,1.4695,-0.8197,2.7137,-3.9594,4.7056,-1.1682,8.8453,-1.6913,2.5883,1.4639,1.5624
-2.0475,0.19748,3.947,11.941,8.2545,11.011,14.175,8.8549,4.4,-0.89232,5.9787,3.9861,7.2036,9.0653,4.2485,2.0876,2.2376,9.5547
-2.0788,2.2017,5.5095,11.628,0.17694,-5.681,5.4841,-1.459,4.0921,2.6236,-0.68122,2.2106,8.778,2.1796,3.6555,1.6645,9.2438,-0.52656
-1.0934,6.2646,-2.1109,2.1469,-4.2237,1.015,0.35005,-0.048773,0.41261,1.7375,4.4475,1.7295,8.5241,11.535,1.9929,4.5072,3.2404,10.81
4.5357,6.1575,0.9694,6.2608,-2.3275,10.996,6.7889,0.9917,0.14518,6.0896,8.3771,-0.023065,-2.5463,7.9088,-0.3884,0.46812,-0.24174,9.9955
8.7675,2.4769,1.4074,7.2001,15.05,-3.0564,7.85,14.656,4.5393,0.38339,-2.3998,5.1251,-1.663,-0.52533,0.87797,1.5193,9.6138,10.287
2.2306,5.9001,-1.2041,1.0178,-4.4105,-0.95849,4.0678,-1.7615,0.70756,4.8077,3.7718,6.8999,9.1203,-1.8238,1.0389,4.3025,6.778,6.9024
0.865,7.3077,5.7118,14.549,-4.7794,4.4545,11.027,-3.224,6.2585,4.9891,6.4688,3.5982,9.7867,-0.054431,6.9142,6.2794,-3.0715,-1.5264
-1.7864,7.8495,2.6309,11.754,10.613,14.639,10.374,6.5464,2.2557,-0.86802,-2.4485,-0.69023,6.8913,-0.77616,-0.65742,6.8373,5.885,8.6183
3.9739,3.8256,2.0029,3.6266,2.7286,0.53265,13.023,9.0878,4.6188,-1.093,13.094,4.7571,10.959,11.644,6.9865,-1.1126,2.742,1.7185
7.3725,5.2565,1.4585,-0.93005,4.5087,-0.51232,11.239,12.268,3.9015,4.3033,2.2658,3.8166,5.156,-3.2709,0.91707,0.76384,0.36798,2.1855
-1.0957,2.9291,1.4928,-3.453,2.492,6.0531,2.6011,9.2463,1.6854,-1.178,9.6593,5.0394,4.2965,5.0911,-0.18772,0.040563,3.2978,7.4794
-0.44732,4.562,-1.5866,3.2679,-1.4164,0.80835,9.4869,9.6749,-1.286,-0.95041,6.508,-0.2218,10.597,10.726,-0.89479,2.847,2.0644,2.2549
0.25498,3.9203,7.198,2.6344,9.6253,-0.40119,1.28,5.2079,0.66582,1.3686,5.6377,0.65043,7.3867,4.142,-1.4189,3.0501,10.152,3.5838
4.4712,-1.2046,1.7316,-3.6266,10.52,12.59,7.6674,9.7129,2.9056,-1.7963,10.627,4.1371,0.0027873,5.0993,2.0289,6.431,5.4113,2.5213
4.7395,-1.3219,1.2864,6.8309,-0.84147,3.1538,-0.43148,1.7252,-1.2464,3.2813,2.0561,1.2682,-2.8773,9.0197,3.065,3.8718,-3.3261,5.3793
8.0088,4.0923,-1.3376,4.375,5.0311,-4.3468,13.375,-3.3716,4.3324,4.3104,9.7803,2.218,1.6634,3.6203,2.0049,0.071733,2.0315,6.8223
6.8504,0.79648,1.9284,4.0832,6.6453,-3.4072,-1.6829,6.5189,-1.7872,2.4387,6.3648,-0.69294,1.619,6.3245,2.5873,-1.7685,-0.083891,3.7456
6.2745,3.5359,5.7804,3.2167,1.2644,12.874,7.3763,11.138,4.573,2.4613,4.9422,3.1182,-1.7083,9.3569,0.074862,6.6786,9.2361,4.4618
3.2311,0.80726,2.1856,2.5585,6.1884,-1.5628,12.115,-0.78909,2.4626,-0.43376,12.256,5.2431,2.8809,-0.37192,1.3228,5.481,7.4521,1.256
1.1741,0.052004,-1.9648,2.2301,6.2525,7.649,0.73715,8.733,0.3055,2.0423,9.4782,-1.712,-1.0084,1.2226,4.7728,8.0766,-2.6582,2.5911
3.8286,2.3249,3.2933,1.5565,1.385,5.6302,10.398,-0.44279,1.5825,2.9461,8.1836,-0.37213,7.7218,-0.35056,4.6862,7.5888,3.1463,0.37478
4.8715,1.6,-1.4688,3.8603,-0.35082,7.783,13.129,11.66,3.2735,0.5219,10.368,3.1464,0.56645,6.0408,4.2848,3.1985,5.1558,5.0347
2.1883,1.5891,2.5037,7.4112,-1.195,1.7116,11.967,4.371,-0.40623,-0.0028109,-3.641,4.0775,-1.9369,-0.35427,3.0816,2.9259,-3.4454,6.7439
4.8148,-0.72342,1.2444,6.9314,0.93596,9.169,-5.2777,13.6,2.6886,2.1556,-0.094085,3.4541,8.0707,-2.9784,0.94309,7.0176,0.74621,6.3434
-0.58369,3.6841,1.3199,3.3833,5.4634,0.52859,4.6967,-3.6293,3.4195,-0.46842,9.4565,1.1572,4.978,0.23129,-1.4695,0.49385,3.1124,-0.79904
3.6764,1.1886,0.61063,12.443,1.7782,3.876,14.818,0.16025,3.1134,0.38044,-3.2557,5.8844,0.32698,1.1453,0.2322,1.7157,4.668,-1.6521
3.7768,1.7798,-0.60041,-1.2753,0.10623,2.5723,-4.2727,5.6693,2.3535,1.8866,1.3048,4.9754,5.6422,6.3864,2.8084,0.17368,5.2471,0.34833
4.4786,-0.83618,1.8301,8.0156,5.6014,7.5533,-4.6433,5.4055,-0.5294,-0.78312,-3.7333,-0.54773,8.1497,7.1123,2.5113,6.3133,-0.68159,0.86709
-0.78147,1.2259,4.4492,0.035109,2.7196,8.4395,9.8534,12.084,3.3064,-0.63094,4.8433,1.1306,0.58605,3.101,1.0641,5.9925,9.2986,3.5807
2.5559,-0.38814,2.7906,-2.1168,-0.1517,7.9328,1.1648,9.2376,1.6745,0.58663,7.0165,4.3485,6.4074,-2.852,3.1387,6.8766,3.9455,2.2268
1.1216,0.61468,2.7844,7.7383,-0.88828,1.3333,4.1283,-1.2858,0.96747,0.22343,10.728,6.5738,2.7267,6.8066,1.8805,5.0049,-0.72803,2.3084
-0.93731,0.6643,-1.0143,2.238,-0.48594,0.80181,7.342,6.448,3.1299,-0.62615,-2.3628,2.2547,9.2021,2.3404,-0.20189,0.41567,-2.4977,-1.4211
-0.57667,0.05256,4.0731,1.7807,-0.8688,4.7453,-1.4715,5.6093,1.3754,0.86277,6.8977,-1.8632,8.4197,7.0863,1.998,6.8949,1.1278,0.78433
0.6487,-0.693,3.4582,6.3632,4.4256,-1.6118,-4.7589,4.5728,0.15623,1.3147,4.292,1.4317,-2.5222,-3.4992,0.92419,3.8049,7.9576,0.13267
-1.0332,0.80581,3.8802,5.2498,3.7521,4.1158,1.988,-2.4648,2.6879,1.1464,1.1611,-0.76756,-1.3382,7.0823,1.8785,1.6516,6.5575,1.1324
1.6502,1.7543,0.92203,1.224,-1.2623,-1.9235,-4.4234,-3.0344,2.9001,0.050083,-1.6237,6.7239,10.116,-3.837,0.89963,-0.54892,9.276,4.2792
0.80569,0.39014,-1.5936,8.3492,0.40288,0.84037,0.087102,-1.1753,1.6604,-0.22724,4.9588,7.0418,8.7969,8.0442,0.98622,5.3327,3.6768,1.6249
1.1493,1.8435,2.8901,0.084574,-0.40992,-1.2383,6.4545,4.2466,1.1606,0.083928,9.1021,3.7773,3.6206,1.6467,1.5112,8.2733,4.3372,-0.56095
3.9141,0.62246,-1.2777,5.5042,0.47178,4.7866,-3.0418,9.2428,-0.0055655,0.93588,0.082507,6.7291,2.2278,5.5925,0.35033,3.4345,2.6515,1.5388
1.4265,2.2744,4.742,-3.294,-0.43956,-1.4936,3.1062,4.5972,0.089653,0.82972,-0.39142,2.2243,3.0431,3.0798,-0.8241,0.099661,10.017,0.82272
0.71431,1.5977,3.2785,-0.92116,2.3744,0.65842,1.3338,10.288,0.094038,0.86255,3.5538,2.5881,1.2927,-0.52731,0.60241,3.2879,7.2945,1.7122
2.2426,1.2753,2.4069,7.1045,-0.75744,5.6984,-2.5244,8.8911,-0.00081543,1.0703,-2.1548,4.3298,1.4337,5.9281,1.3405,-1.3732,0.72261,-1.4378
0.22438,0.68467,0.33104,-0.40675,2.7461,4.1312,5.41,10.356,1.0816,0.0052416,4.1719,3.5296,0.79845,-2.2806,1.3911,-1.6377,4.3955,0.80459
3.0917,-0.59863,0.042367,3.2052,-0.57296,3.2401,3.2391,6.6385,0.59646,-0.011609,1.7715,0.44528,-2.248,2.5266,1.5896,0.92,-2.0766,4.4905
1.2143,0.66454,-0.72386,-0.58537,1.3824,5.1666,11.348,6.7963,-0.67936,0.23024,7.6035,-0.072765,7.6231,2.5573,-0.77413,3.6606,-0.32595,3.5553
-0.2988,0.88276,0.2597,0.50392,3.1621,3.0874,3.3548,8.0111,0.65777,0.073883,1.4484,0.52106,-0.99804,3.1226,2.451,0.60796,-0.68821,1.8824
-0.19841,-0.14155,5.9428,1.4651,1.7999,4.0384,8.2387,-1.3097,-0.21744,0.43022,7.3639,0.63154,7.1114,-0.54621,1.8819,2.5109,1.2142,2.464
-0.12549,0.26909,2.113,6.5912,0.24402,3.8253,1.8235,2.2084,-0.2614,0.091911,-1.9138,0.30756,7.4228,4.5379,2.3105,4.0025,-0.94116,4.0473
2.8915,-0.064146,-1.8881,-1.2551,1.8212,4.1882,2.7824,1.898,0.089524,0.11716,3.2667,3.2503,0.90452,6.5379,0.95153,0.12082,9.1666,2.7186
2.3298,-0.096666,-0.45268,0.67799,2.0107,-0.80746,-2.7145,-2.9526,0.057499,-0.033816,1.2763,-0.13555,-1.5646,8.8393,2.7624,-0.43228,-3.4731,-1.68
0.8064,0.80618,-0.44296,-2.3164,1.5055,3.3935,12.781,8.3853,0.30365,0.25652,2.9232,1.1313,1.4321,-1.4596,2.1937,0.317,-2.0766,1.9835
3.0715,0.19298,3.8255,7.2471,1.3465,-2.379,4.6539,6.0033,0.16848,0.27514,-0.13914,0.16718,11.368,5.3473,2.425,-2.089,2.9653,5.6463
1.9513,0.5412,1.7516,8.2287,0.86136,4.9868,6.569,-1.2272,-0.045298,-0.18894,3.4017,0.91145,2.2182,0.70333,0.49015,1.4003,-2.9531,-2.1035
0.3481,0.28381,5.4039,0.72963,-0.65749,5.5734,6.8011,-1.8446,1.267,0.13141,-0.26263,1.9586,7.0257,-0.35253,-0.2509,5.4224,5.5346,-0.29871
0.47824,0.1826,4.4276,-1.538,1.4357,-2.2643,7.3233,-1.0252,-0.021701,0.28442,0.35318,0.75927,-2.115,2.3243,0.12436,6.4315,5.7813,2.6356
2.5504,0.13093,1.2726,2.9802,1.5101,2.6112,2.4276,4.6189,-0.33785,0.28104,1.8649,2.1561,-2.2091,4.0027,1.3405,5.2865,4.8178,5.7479
2.6284,0.07902,2.4648,10.353,-0.84484,-1.7161,7.0254,-1.1163,0.61522,-0.093755,3.5396,-0.42984,-3.6706,-0.52138,1.1238,3.8232,5.4705,5.0569
-0.55172,0.61574,0.81199,3.1133,-0.82017,1.6303,7.8134,3.2701,-0.11393,0.15903,-0.61227,2.1805,6.5161,-2.7487,-0.48677,-1.1939,2.3949,-0.56928
2.8187,0.41493,-0.8521,6.7759,1.0913,-1.1477,5.207,-1.6931,0.22687,0.33379,1.231,-0.60469,7.8448,8.307,-0.61789,2.8642,3.5713,2.2849
-0.61924,-0.058881,-1.4236,0.4896,-0.45168,1.5256,-1.1308,1.1034,-0.038219,-0.17475,1.113,0.59869,7.141,-2.9246,1.893,5.108,9.5777,0.40485
0.63486,-0.051677,3.0784,3.4999,1.4145,4.244,12.028,2.5131,-0.27269,-0.13322,-0.87831,3.2632,1.8348,1.8639,1.1876,1.0907,-2.0993,0.50827
0.77953,0.28427,2.4194,1.9814,0.41633,3.9577,-1.3515,3.4889,0.43451,-0.38586,-0.97294,0.67743,5.3039,0.5554,2.1458,6.104,-0.32565,0.83985
-0.29882,0.20309,-1.0463,0.047283,2.112,1.7756,-0.27057,3.3875,0.59002,0.94873,-0.90584,2.6345,8.7882,1.8301,-0.55705,-0.71042,7.543,0.13575
1.2301,-0.19936,-0.80904,3.12,2.2625,3.707,10.811,4.3069,-0.08285,0.17634,0.56154,0.53074,-0.094969,4.7098,1.7444,5.3177,-1.5742,1.0694
0.076664,-0.041142,5.0808,-3.4794,0.020916,2.859,-1.9962,6.3582,-0.4423,1.3405,1.7319,1.6078,0.29225,0.6959,1.8196,7.3392,-1.2689,2.1081
0.17018,-0.083149,-0.95149,0.97821,1.7272,2.0498,2.5945,6.8053,0.53588,0.57653,0.53898,1.1002,6.1719,1.7139,2.0882,5.4315,6.4679,2.2097
0.43587,0.56129,2.0135,3.2988,-0.23051,-0.85795,2.0367,6.2091,0.17897,0.20373,3.0874,0.086147,3.9273,2.7433,1.5182,1.4622,5.4723,0.99827
0.76578,0.12082,1.6792,-0.35022,1.681,1.8798,-3.2348,0.28037,-0.26757,0.88632,-0.33945,2.0424,7.1423,0.73138,-0.31243,4.5416,5.891,-0.66643
0.68825,-0.050188,1.1228,4.1728,1.9697,-0.0036571,2.0194,6.6725,0.29122,0.33456,-0.76253,1.0749,6.6948,-1.7263,-0.14013,-1.0799,6.2458,0.56227
-0.78195,0.099715,5.0529,8.34,0.55992,2.364,0.74711,4.1517,0.39184,0.18094,0.52311,-0.71117,6.5442,-1.1498,2.0125,2.5359,1.436,-0.7338
0.47712,1.107,4.0124,7.749,1.3476,0.72065,6.2741,5.2953,0.35589,0.16166,0.53329,3.2535,7.9609,4.7908,0.48659,6.5326,-0.74237,0.20321
1.602,-0.0071116,4.044,3.5789,0.83422,0.78073,7.8915,0.26732,0.46806,0.17314,2.8582,2.0466,7.3409,-0.21562,-0.636,7.5708,-1.8595,1.147
0.19798,0.050174,1.0716,3.3349,-0.18341,1.0547,7.9094,-0.70506,0.52246,1.3537,-0.70938,0.49019,-2.4137,2.927,1.2744,5.375,3.5487,2.1437
0.051705,0.35834,3.0765,7.5177,1.8029,2.6391,-1.3175,-1.5037,0.38081,0.92826,0.68295,-0.37469,6.3655,4.1407,-0.24295,0.54965,3.1551,0.76448
2.1775,0.88722,1.8764,6.0277,0.45876,3.9488,1.8117,-0.86809,0.11079,0.47127,0.86387,0.56844,5.5896,-1.093,0.20768,2.5163,0.38014,1.5725
0.56756,0.66452,-0.36801,2.7252,-0.52191,-1.6806,7.103,-0.88715,0.40166,-0.26082,-0.12171,-0.16459,-2.073,-0.79636,-0.028498,4.3013,7.8988,-0.79689
0.046386,-0.089541,2.9198,-2.1266,1.1902,2.1187,2.6298,2.3144,1.4153,0.076732,1.3821,1.9883,1.0248,4.0652,0.94616,3.1116,4.2552,2.6245
0.56719,-0.05545,-1.1152,5.7362,-0.16655,-2.2559,3.9183,3.3307,0.53844,1.8299,1.4888,1.2905,3.3722,-2.1019,1.8981,-0.30471,0.84413,-0.81399
1.8858,0.017686,2.8524,1.9222,-0.40083,0.7749,13.237,3.2323,1.4801,-0.36577,1.9955,2.2614,4.9167,-0.93885,0.87555,-2.0585,6.5475,0.087601
0.42394,-0.28934,-1.3177,3.2728,-0.40146,0.15453,4.4495,-0.63047,-0.044526,0.97519,-0.14154,2.1338,1.1174,-1.1632,1.069,-1.5649,5.1006,-0.61514
0.067068,0.28719,2.255,8.8295,0.90581,5.7355,11.58,0.044935,0.46172,0.78092,1.6824,1.3761,-0.33919,3.009,0.77477,2.0698,3.8398,-0.553
0.29509,0.11076,4.4904,-2.2391,1.8239,2.1713,10.971,3.5953,0.90058,0.030008,-0.38567,0.90533,-0.32774,3.1065,-0.095819,-0.87793,-1.8382,0.70672
0.36738,-0.028436,-1.5483,2.2608,-0.011458,7.1882,-0.85149,1.2445,0.54883,0.6134,0.55964,-0.58378,-0.53483,3.5724,1.9439,1.4629,6.2424,2.591
0.078462,-0.0751,-1.2227,1.6174,1.0609,2.536,12.72,-0.23123,0.4107,1.8693,1.554,0.7738,7.9765,-1.8661,-0.022166,0.27268,2.1003,0.83324
-0.014846,0.11868,1.9551,5.1837,0.068369,2.6071,4.6116,0.47661,-0.0060536,1.3503,1.327,0.96573,7.3673,0.58926,-0.46963,1.1553,4.2121,1.4741
-0.43503,0.11791,0.67915,7.5139,0.81485,3.9934,2.4514,2.7131,1.0711,0.38806,-0.5513,1.5587,7.0886,3.2033,0.37657,2.1322,0.05749,-0.75537
-0.039443,-0.037233,0.92947,3.6789,0.80714,0.6431,-0.54998,-0.32375,0.70614,1.7199,1.0333,0.94113,-0.24593,-2.284,0.93706,5.5217,6.0178,-0.8753
1.2739,0.082113,3.5856,2.0437,0.73702,2.3384,7.9672,3.2508,0.7658,-0.44606,-0.30532,-0.40769,-1.8142,0.13414,0.45346,6.2125,6.8414,2.5826
1.0538,0.12084,2.2012,8.3009,0.66947,-0.72643,6.2835,-0.21906,0.010346,1.1231,2.3668,-0.79973,7.4746,8.2954,0.62503,1.3659,5.3955,5.4082
0.58976,-0.065998,0.17983,4.0436,0.5565,3.3588,6.757,0.78043,0.88848,2.3325,0.49377,-0.13186,6.1597,-0.045634,0.92933,2.075,5.3532,5.8273
1.7456,0.29955,-0.80888,-1.6032,1.0794,0.040638,6.2856,-0.042019,0.79217,1.2997,-0.14235,-0.20135,-2.0535,0.68969,0.03832,3.934,-2.0937,-1.1408
0.037678,0.037065,3.2498,4.1193,1.8561,1.8178,7.1738,2.089,0.13828,2.5319,1.0755,-0.049204,3.9479,-2.2008,1.9766,1.1107,1.183,4.5016
1.0711,-0.060782,2.9935,5.7678,-0.60007,3.7077,7.5316,1.648,-0.25486,0.97296,1.0962,-0.77737,1.8736,7.1372,-0.79838,1.9696,-0.52574,0.15852
0.19124,-0.05578,-0.05172,0.79309,0.90289,2.0865,5.1348,2.0714,-0.1134,1.2025,-0.03162,2.0192,0.36463,6.3646,-0.077537,-1.407,-1.0112,3.9415
1.385,0.27221,-1.5524,0.33475,2.2214,5.4862,7.8782,1.4578,0.10188,1.0728,0.79717,-0.86054,-2.2978,3.1176,-0.43126,3.6202,1.7912,0.1662
0.9917,0.19479,4.6956,2.4698,1.7489,5.2635,-1.4111,1.5872,0.19109,0.39457,0.66074,3.4121,2.5243,1.9974,-0.71057,4.1544,2.243,1.3146
2.0359,0.54472,0.45074,-2.1402,-0.11079,3.2909,-2.1006,0.47413,0.19705,2.2181,0.99131,4.078,-1.8134,3.0647,-0.37282,-1.0349,2.3244,1.4151
0.76099,-0.19169,5.6795,1.1601,0.71263,5.0346,6.7722,1.3269,0.095984,1.904,-0.0076904,3.1576,3.6455,2.1279,0.082496,-0.039904,1.1908,0.21575
-0.53422,0.34653,-1.0648,6.4435,-0.1451,3.725,-2.0616,0.6878,0.30194,0.91818,1.344,-0.059352,4.2131,0.028498,0.97376,-0.80313,-0.70857,1.0411
1.8311,0.4354,5.1506,8.5937,0.022939,5.1766,7.9155,0.84596,0.66116,0.34892,0.84655,1.169,0.34825,2.7889,1.7634,-1.8041,4.1825,1.8816
-0.60861,0.26479,2.8822,1.8941,0.65192,-1.2153,9.6497,0.91692,0.044164,0.078636,-0.10267,-0.95007,7.8143,4.7227,0.14679,0.98615,-0.84738,-0.78332
1.655,0.53248,1.5479,-2.6227,-0.31746,2.9796,3.9712,1.1149,-0.047053,-0.34513,-0.045497,-0.13088,-3.0664,3.5839,0.92536,1.6565,1.539,2.9648
-0.091572,0.70377,5.9322,2.0892,-0.85562,-1.2378,9.6242,-0.27314,0.46347,0.20875,0.6086,0.62177,0.2381,1.905,0.72553,-0.51333,2.0442,2.5581
1.6474,-0.057608,-0.20795,4.2296,-0.39105,2.6748,1.9214,0.85233,0.82294,1.2008,0.96001,1.4876,-1.7755,-0.59092,2.1676,3.8092,-0.18429,2.2067
0.84358,-0.035364,0.75645,5.933,1.9001,1.8139,-3.1937,0.32589,1.0512,2.3096,0.8359,0.59194,2.0807,0.076224,2.018,1.6837,0.40331,0.5188
0.45206,0.39671,4.5179,-2.2663,1.4936,7.1871,2.8785,1.0673,0.12242,-0.14621,-0.41233,-0.39465,7.3751,0.56119,0.98892,5.7826,-0.31327,-0.46531
0.92796,0.14634,-0.95935,5.9642,1.3336,2.2161,-2.9219,0.24396,0.71142,1.2376,1.0389,-0.033258,5.3032,5.1638,-0.79333,2.8649,0.51852,2.1833
0.87831,0.45666,0.71986,-2.3533,-0.2561,4.4309,3.9675,-0.60608,1.4913,0.98064,1.1016,-0.16883,-2.6843,-0.39195,1.671,5.6197,0.96894,1.3935
-0.24519,-0.081715,3.0669,5.432,2.6907,-0.53591,8.17,2.0679,0.53245,2.7267,1.6032,-0.15034,-0.11001,7.1962,0.92042,4.4393,2.0668,-0.26741
0.93972,0.1913,4.7341,5.5734,0.16291,3.7143,-3.1911,0.18769,-0.38306,3.1186,-0.70971,-0.10342,3.4695,-1.772,-0.12439,4.3895,1.6294,0.83133
-0.086754,-0.12541,4.1333,0.31332,0.72946,-0.9764,1.3031,1.8927,-0.564,1.7273,0.88258,-0.79688,-0.076793,-2.2974,0.24442,-1.7701,-0.56277,2.1286
1.5861,0.0014009,5.6707,-1.5552,2.2672,1.7924,-2.4516,1.2776,0.60144,2.4355,-0.65504,0.099845,7.0939,5.5144,0.3235,5.0754,0.34656,-0.23316
1.3652,0.2024,3.5579,1.6082,1.8047,-0.104,-0.72983,0.053118,0.79315,0.55658,0.092324,0.44419,6.4592,-1.2624,-0.34427,5.8126,0.11932,-0.43071
0.13452,1.2843,0.31644,2.154,-0.73044,4.0256,3.1321,1.7815,1.5197,2.1066,-0.055393,-0.54464,1.0703,5.932,0.5374,1.2516,-0.10713,-0.38972
0.29866,-0.11529,6.2357,5.1577,-0.034713,3.3341,4.3687,1.9367,0.64478,1.2954,0.86069,1.8529,-2.4929,-0.85177,-0.063642,1.8979,-0.4524,0.56675
-0.52605,0.16011,5.9577,0.67278,1.23,3.515,-2.8604,0.43962,-0.27292,2.9147,0.98572,0.12314,-0.79391,1.0471,1.0198,1.2901,0.9785,0.24334
2.0726,-0.29303,4.17,1.693,1.8064,2.728,-1.3035,-0.6857,0.39544,-1.0957,-0.68621,0.19112,-0.09329,-0.38875,2.4244,5.069,1.1182,-0.43005
0.36695,-0.12436,5.9992,5.3744,-0.98483,2.2577,8.4134,1.8209,0.72997,2.6266,-0.22351,1.2826,0.014326,0.93841,1.9151,-0.84003,0.24581,1.6562
1.8603,-0.12176,1.9852,2.439,2.3391,-0.18626,6.3444,0.40825,1.059,1.4595,1.2178,1.7341,-2.0363,-0.33718,2.5176,-1.7832,1.2624,-0.39277
0.78034,1.7683,3.4316,-0.65746,-0.24167,0.76492,5.7521,-0.54389,-0.3641,1.9961,-0.29684,0.6873,5.7096,3.1351,0.10407,6.5952,-0.39482,0.33788
-0.15986,-0.45443,2.7084,5.9254,2.2037,-0.34016,3.4784,1.5363,1.7583,3.3064,0.047915,0.37314,6.1073,0.68517,0.20203,5.6177,-0.3021,1.3262
-0.46793,1.412,4.678,5.099,1.3196,0.46996,6.5658,-0.49855,1.5234,2.9156,0.63213,-0.26813,3.6531,1.6266,1.9744,2.0801,1.1574,2.0845
2.159,1.3887,3.9353,6.3122,2.4232,2.0045,-0.95473,1.0455,0.40161,0.58781,1.8793,1.4747,0.16991,1.6473,0.049082,4.25,2.1181,-0.043509
0.19899,-0.27063,0.39681,6.7173,2.2717,0.94115,3.5915,0.4066,0.69468,0.90854,2.2933,1.7221,-2.0093,1.7647,0.30061,0.46069,0.3832,1.2036
-0.62794,-0.19646,4.0962,6.4412,1.2069,0.25088,3.8311,0.97894,1.3912,2.6678,1.2968,0.090635,0.2918,0.21341,-0.16362,-1.2202,-0.54669,0.75061
0.34811,0.33076,-1.3839,6.2485,0.76938,0.51947,-0.27859,1.9549,2.6574,3.6266,-0.28843,0.57136,0.3766,-0.20666,-0.80418,0.55032,0.37241,0.13759
1.2594,0.48559,3.2061,-1.1444,0.80566,-0.50332,8.3406,-0.17025,1.6979,3.5177,0.42658,1.6223,0.46473,1.4044,1.7626,5.3877,-0.61993,2.8744
-0.34915,1.1185,4.0173,5.2302,2.7224,1.6039,7.3489,0.37613,0.39442,-0.25753,2.4046,1.8685,3.8506,1.048,1.6104,4.8137,0.15079,1.1186
1.9629,1.5478,2.5119,-2.4807,1.8169,1.9776,-2.4026,0.84011,1.5519,1.6361,2.9328,-0.43103,2.87,0.17074,0.51039,5.9493,-0.4013,-0.68231
0.68998,0.43396,-1.3305,5.1439,-0.73095,0.46921,-1.9023,1.0733,-0.47452,-0.77064,2.6388,-0.67443,5.5031,0.68755,-0.71048,4.308,0.18599,2.8467
0.53441,-0.12895,0.54654,-2.104,0.43222,1.462,2.1603,1.4933,1.4054,2.6808,-0.68269,1.1388,1.1961,1.3453,0.22258,7.5311,-0.088975,0.93141
1.791,0.50527,3.7179,2.5296,2.2865,1.4481,1.5751,-0.6946,-0.2016,0.011377,0.83972,2.3699,-0.12715,0.83371,-0.24115,6.5259,0.30915,3.0849
0.426,0.51632,0.59486,0.73563,0.014573,0.15578,2.8964,0.80388,0.26533,-1.1406,0.92105,1.3895,0.17445,0.67327,-0.055067,5.8687,0.074941,2.7782
0.59402,0.68459,1.3257,3.6251,0.64708,-0.80638,5.7233,0.41781,1.0387,3.2574,0.46408,0.37997,2.271,0.46618,1.6526,2.3368,0.49994,2.1495
2.238,0.74657,3.5144,0.59463,0.43631,2.3081,6.7396,0.51436,1.641,0.67527,2.3556,-0.56144,-0.89139,0.20729,0.38311,0.65333,-0.06979,3.7198
-0.6578,1.2272,4.0991,5.7853,-0.35858,1.7931,3.5149,0.33222,-0.71922,-0.53454,-0.38618,1.5128,3.1908,0.26326,-0.17989,-1.2951,-0.018944,1.8889
0.83032,0.68246,4.5762,3.8847,1.8367,0.078815,-1.4067,2.1594,1.4554,4.1518,-0.089879,1.0224,2.321,0.29754,1.4854,6.9558,0.91942,2.0596
0.35677,0.28292,4.7545,7.3629,2.031,3.1072,-0.35512,1.5307,0.83835,0.22044,1.5077,-0.42534,1.3341,0.76088,1.7451,-2.4771,0.39979,-0.26796
1.1808,0.79549,4.6588,6.0638,2.2626,1.9448,-0.75506,1.093,1.7156,3.5885,1.6891,0.44219,-0.14234,0.43695,1.6628,-2.2011,1.122,0.022666
-0.5886,-0.695,2.9046,6.8741,1.596,3.6034,-1.3017,0.33839,-0.67895,3.3054,-0.1589,0.26504,1.6664,-0.03065,-0.20318,4.4765,2.0992,-1.025
-0.1912,1.9899,3.6406,-0.68486,2.0059,2.6097,3.8799,-0.32622,0.43879,-0.13473,2.5837,0.7864,1.3643,-0.36214,-0.37365,0.53747,0.98775,-0.042037
-0.033789,-0.29936,-2.0254,3.3469,0.66687,3.1803,2.7991,1.0437,-0.45799,0.47457,-0.83961,0.53842,2.8886,0.56679,0.93551,-2.093,0.36493,0.59517
0.0041359,1.5221,5.9492,6.5476,1.736,0.29067,4.1215,0.39301,0.87834,1.74,1.0024,0.74057,3.2873,0.0187,-0.86076,3.9224,2.2123,-0.053677
0.68276,1.0053,2.5253,-1.5092,-0.19856,1.3551,1.6026,0.38764,0.63053,0.8379,2.3296,-0.5359,1.175,0.81371,1.708,3.5464,0.98862,-0.38491
1.2644,0.41844,1.345,2.6571,0.51216,-0.33557,-0.85455,0.083431,0.97816,3.6806,1.3425,0.72902,2.4214,1.5661,1.926,2.9629,1.3292,-0.039863
-0.75621,-0.68233,3.5085,0.621,1.4095,4.8515,8.3037,0.014943,0.17537,2.8055,2.1055,-0.14787,0.46957,2.1439,2.089,-2.4542,3.3921,1.4677
1.6519,2.5817,5.4522,-1.4939,0.90934,1.0304,10.416,0.13691,1.7211,2.065,1.2432,-0.18459,3.7159,1.9159,0.49533,1.9291,0.81556,0.82893
0.22747,0.55294,4.2122,-0.6304,0.75035,-1.5042,-3.7891,1.2563,1.2319,3.6944,2.5709,1.424,2.8148,2.4535,-0.22541,1.3281,1.9294,-1.1578
0.91386,-0.33011,0.41678,0.84616,2.2008,3.2803,8.0952,0.04778,-0.39519,3.6542,2.5957,0.87027,2.6955,-0.94592,2.1536,-2.7957,-0.57782,-1.5984
-0.11755,0.080344,4.9599,4.5612,0.01478,-0.59524,-1.3175,1.4974,0.24763,2.2511,1.8652,1.4182,2.6826,1.5773,1.5024,1.0525,-0.31954,4.5949
2.4435,1.3825,4.132,5.9429,-0.61271,1.9226,10.236,0.11238,-0.66945,-0.028616,0.45654,2.0945,0.85205,2.9502,0.28973,-1.4438,3.4458,-1.5316
1.8619,-0.031087,0.25532,-1.6489,2.03,5.2887,9.8399,0.38614,3.0485,1.8522,0.60728,2.0223,0.99551,-0.14547,2.2635,6.4404,3.6041,2.8717
1.7981,-0.26506,-0.36385,1.7095,-0.48483,2.611,1.4971,1.656,0.58917,4.069,0.70837,2.2206,3.3531,2.1335,1.1547,0.098537,6.0562,3.2977
-0.4988,0.84205,4.8845,-1.9248,2.4813,-1.4643,8.4044,0.011117,1.872,-0.51429,0.24717,-0.91252,4.3041,6.3761,1.4365,-0.3105,5.3758,-0.87106
1.3219,0.34384,7.281,2.0805,2.0056,3.049,-1.3553,1.6932,0.098856,4.0483,0.78886,0.87069,1.3162,-1.8464,-0.40717,6.9202,2.5095,0.22813
0.24122,0.075768,7.7257,2.2684,3.2509,6.1858,-1.2932,1.0935,3.089,-1.2433,-0.33156,2.3609,1.7402,0.37023,1.9714,-2.3101,0.64186,0.4493
-0.2371,0.9173,7.7492,3.0864,-0.1469,0.63214,7.7137,1.7388,2.7093,1.8866,2.3054,2.1544,3.1588,-1.8937,0.22949,8.7392,-0.84151,-0.093997
1.7275,0.055336,0.34246,-1.4654,2.1195,6.7632,3.0705,1.6508,2.6356,2.4091,0.76883,1.4202,-0.25725,-1.5094,-0.16887,4.1366,-0.5819,0.28476
1.8407,0.41344,-0.59315,5.4554,1.3682,-0.34224,1.3012,1.5008,-0.3212,1.4864,1.7375,-0.78061,4.5266,-0.72664,1.0081,-0.05074,1.5353,0.5406
-0.1663,-0.12266,4.8066,2.316,-1.092,0.87119,-1.2553,1.5698,1.3804,2.145,0.96352,0.57309,5.4726,0.78426,1.2569,4.2269,2.3137,0.021951
0.0093299,0.21906,6.848,-1.8353,2.5043,0.10013,3.3095,0.71846,0.60029,0.43865,2.1696,-0.47735,-1.7826,0.93684,2.5538,4.6904,3.0988,0.08759
1.676,0.68205,7,-1.9396,3.2664,4.3009,8.1684,0.86838,2.3823,0.12317,0.14969,0.45495,4.3289,-0.15658,-0.07083,5.9914,-0.73338,2.0199
-0.44288,-0.059277,3.6471,-2.0576,-1.0495,-1.2589,7.3799,1.1662,-0.1559,1.9586,0.40316,0.085489,-0.73107,3.0344,1.3229,-1.9424,-0.57653,5.6642
-0.27894,0.1121,6.4852,-0.30628,-0.061067,5.6341,7.8236,-0.20901,1.2288,0.45762,0.9514,0.95017,-1.2041,4.6932,0.30797,6.0448,0.87399,0.22137
1.2686,-0.061265,5.0244,2.937,1.209,7.8192,5.9318,-0.045485,1.3716,0.96027,-0.37902,0.91728,2.3351,3.5171,0.92614,8.4113,2.0604,5.3361
2.0319,0.3112,-1.8907,6.9463,-0.73396,6.5295,-0.81521,1.0412,-0.46294,2.7954,0.97988,-0.5943,1.3253,1.1224,-0.68514,-2.2335,2.3843,3.6996
-0.43383,1.014,6.482,-0.78661,1.782,3.3309,1.0374,0.013724,2.3143,-0.73999,-0.74201,0.31803,2.0322,-1.7112,0.15858,2.0429,2.7513,6.3901
0.51597,0.2431,5.8987,3.7906,-0.62937,1.5296,6.9218,2.028,1.7152,-0.32145,-0.70135,-0.53688,-0.84972,1.6441,1.5555,-1.294,-0.61002,2.0448
1.6879,0.10769,3.488,-1.1407,2.5396,-0.13908,-2.0911,0.71116,1.3674,-0.62166,2.0957,-0.1108,3.3924,2.3259,1.0326,6.2569,4.5066,3.9408
-0.50629,0.25115,6.9291,4.385,0.87684,0.13458,-0.28685,1.6816,0.51686,3.0216,0.247,1.4085,-0.76049,-0.16352,1.1866,8.4242,5.6684,0.82103
1.6144,0.53865,-1.2305,2.2401,2.3908,3.88,-1.5347,0.92097,1.9595,3.5293,1.1772,0.47987,1.5354,-0.62468,1.0784,4.2432,2.1654,0.62533
1.3039,0.046125,0.51506,0.71624,0.72972,3.9719,-1.0401,-0.28419,-0.82293,2.1953,0.19694,0.74804,2.3778,0.25109,1.5908,4.2095,2.9337,0.84614
0.15634,0.58481,4.3167,2.2255,2.4435,1.15,3.5606,1.2838,0.76989,-0.059276,-0.60515,0.074078,2.1426,4.2821,1.0119,6.5747,2.111,6.4122
-0.26708,0.40494,4.8348,-0.06061,0.073155,-2.606,5.6488,1.0947,0.98143,-0.79541,0.57007,0.71906,0.44179,5.7241,0.069143,-2.4493,0.2375,6.0963
0.2622,-0.041056,5.3737,2.2571,1.6739,-2.3203,0.6478,-0.21702,1.2206,3.4564,-0.43834,0.29144,-0.23222,1.5989,0.7506,2.1001,4.5828,-1.2079
0.93792,0.88182,2.266,-0.2465,-0.069754,4.7532,5.8638,1.8344,-0.48968,-0.86188,0.013389,1.311,1.6026,5.1647,0.18073,3.7152,-0.92255,-1.1351
1.163,0.12017,0.81035,3.4355,-0.024066,4.3085,5.0219,0.33469,0.076595,1.4868,-0.2944,-0.41392,0.77204,4.7535,0.99854,3.2801,4.3954,-1.2399
1.539,0.04553,8.3697,3.7146,0.047522,2.5797,-1.607,0.46386,-0.442,-0.26751,0.33473,0.38654,0.61691,-1.0743,0.24069,-1.7929,3.7713,6.4691
0.36564,0.37379,1.2401,-1.4178,0.88414,1.3185,-0.65206,-0.62756,1.9822,2.4259,0.52824,-0.18469,0.024334,-1.5953,1.6478,-1.4431,3.4023,-2.0889
0.44378,0.81296,2.0703,0.40975,-0.53635,7.404,6.8815,-0.40058,-0.018324,0.9428,0.64779,0.76674,-0.78402,3.3405,1.1919,7.5315,1.4952,3.5032
0.68956,0.39599,1.0565,-1.984,0.16506,-1.9752,4.1865,1.4476,-0.59055,0.039266,0.17708,0.15745,2.7921,3.2972,0.74504,6.1435,4.7,1.5092
0.92508,0.30735,5.0703,0.49524,-0.43155,8.194,3.9643,0.92261,2.1002,1.2589,0.97934,-0.45227,4.9952,1.8205,-0.43551,8.8163,-0.76354,3.7665
1.4427,0.10805,-1.9701,-2.2237,0.67478,-1.1691,2.2692,1.2638,0.13731,-0.20525,-0.36362,0.10776,2.347,0.99957,-0.31842,9.2964,3.501,0.35302
-0.31527,-0.15557,5.9529,5.7663,1.3706,-0.28488,-0.20023,-0.12455,0.43305,-0.012144,0.72743,-0.34425,3.012,0.83325,1.6936,7.0049,-0.76898,0.76019
0.49117,0.42129,2.5402,4.783,-0.68916,5.9129,5.2285,1.4915,2.2597,-1.0911,0.32608,-0.052553,-0.96628,5.9403,0.79282,-0.66132,4.3622,0.45787
0.4363,0.48589,6.1522,-2.4796,2.2638,-0.92509,0.98118,-0.57007,-0.19823,-0.35378,0.53588,0.75147,0.37135,0.16568,0.97824,5.5559,-1.39,5.1736
1.4692,0.17571,6.2158,4.9166,-0.4379,3.4571,2.32,0.69859,2.3596,-0.39898,1.7132,-0.13122,0.92343,2.8784,0.013511,3.149,4.6753,4.0631
1.5986,0.40668,-1.1265,3.2222,0.012967,-2.0329,4.8415,0.8416,-0.32884,2.4296,1.9348,1.1166,5.2589,2.4873,-0.10402,3.7446,0.76937,4.091
1.0495,1.7598,4.0928,0.88668,0.79852,-1.9606,5.2082,-0.050052,0.56152,-0.47323,0.54177,-0.15266,-1.1404,3.443,0.51884,3.1648,4.7141,2.4757
-0.58541,0.09814,2.2589,5.1474,1.3426,0.99609,3.7116,1.2412,1.1365,1.31,1.4913,0.68879,1.7244,-2.3878,-0.081096,4.8576,5.0794,4.9566
-0.14536,0.58414,3.1152,3.6751,2.0294,7.9788,-1.0297,1.6714,1.9537,1.185,1.8041,0.92214,3.9164,6.4257,0.5226,6.6556,-0.70787,6.739
1.8951,-0.032365,-0.63959,3.299,0.12228,4.8186,2.4773,-0.50071,1.5072,-1.0049,1.8869,0.47638,1.3101,7.3875,1.0187,1.4114,1.111,6.5385
-0.39882,0.73571,3.8729,1.6249,-0.31087,9.5991,3.4358,1.7352,0.00084923,2.8,0.80267,0.69325,7.1846,-0.7265,1.7647,6.9862,-0.090431,6.8734
0.67063,-0.29347,7.3979,-0.43271,0.8294,-2.5048,6.0379,0.097382,1.3505,1.9732,0.51224,1.2569,-1.5796,2.6839,0.55682,-3.1146,-1.2181,4.5786
0.34621,-0.29113,5.7451,1.5761,0.84474,7.9982,-0.38488,-0.51552,1.6986,-0.35211,0.088107,-0.26092,-0.90364,0.64966,0.79415,3.7127,3.3477,6.0462
0.29935,0.52033,-2.0939,1.6527,-0.025927,3.1842,4.7325,1.4351,1.5168,1.89,0.83259,0.77508,4.5593,2.1662,-0.40871,0.56499,-0.14254,-0.51526
1.4731,0.57676,2.9892,1.292,-0.026368,-2.7985,1.1893,0.42766,-0.59396,-0.6237,1.2458,0.10175,0.37981,4.1596,0.49474,-3.2691,3.5355,1.9367
0.56756,0.5798,4.1562,1.408,1.7966,-0.33207,-1.9347,1.662,1.3619,2.1978,0.052618,1.2695,-1.0675,0.54002,-0.39832,-0.35409,-0.97222,1.6266
1.3938,-0.017505,6.2084,-0.403,1.384,1.4274,2.1002,1.4646,0.59779,0.83314,1.4941,0.96186,2.5194,1.1387,0.29761,0.92728,-1.1717,1.7962
1.2683,0.45794,-1.2159,2.295,1.4679,-2.8063,0.93707,0.85697,-0.19311,2.745,-0.44688,1.2355,1.7114,-0.33325,0.070158,9.97,1.2106,4.1631
-0.16777,0.25175,6.5721,4.3483,1.2718,2.2118,0.3248,1.2173,1.6907,1.1742,1.7624,-0.35982,-1.1493,-1.003,0.28073,-1.6112,3.6391,1.731
1.3844,0.011767,6.4287,1.2852,1.232,8.2398,3.0654,-0.37445,1.7194,2.9979,-0.30689,0.49491,0.95851,0.064921,-0.15189,2.6826,0.20974,2.8409
1.475,-0.041159,0.33038,2.3462,1.087,4.2398,-1.6481,1.5323,1.4303,2.2388,0.40092,0.48284,6.4222,2.0256,1.1055,1.1151,0.93847,1.9913
0.16164,0.26123,-0.52444,-0.51934,0.19887,8.0442,4.4786,-0.25626,0.41743,1.7724,0.23751,0.36355,-1.2878,3.9747,0.89603,-2.6373,4.1176,2.6564
0.6794,0.37979,0.24813,2.0316,0.011955,8.0752,4.8018,0.56253,1.5716,-0.56417,1.2199,0.20199,4.5662,2.0339,0.34195,1.2326,-0.57026,-0.474
1.3367,1.4066,6.5421,1.1696,0.5727,-2.3135,5.9403,0.031961,0.80866,-0.07304,-0.35072,1.3479,4.7255,0.63116,-0.25199,-1.3312,1.3476,0.96725
1.013,0.46099,2.89,-0.60251,1.7219,3.1264,3.555,-0.011132,-0.13705,0.63398,-0.42359,-0.42299,2.4006,1.2796,0.98372,-1.7048,0.14936,0.63372
0.47882,-0.16432,-1.8054,-0.30614,0.86319,3.0375,0.43931,2.1688,0.92546,1.9215,0.82246,0.30841,3.4259,1.2949,0.067572,2.0775,3.0918,2.9903
0.34003,0.43929,-2.6994,0.47831,1.5067,7.0169,-1.4062,1.2309,1.0404,2.1774,0.61106,1.1204,-1.0496,-0.083652,1.0763,7.2029,-0.17324,-1.1984
-0.23531,-0.17081,5.4609,1.549,-0.14854,4.4435,2.4189,-0.24391,-0.02893,-0.16965,-0.087481,0.1454,4.8194,2.0265,1.4096,1.963,3.0471,2.5754
0.26158,0.39817,4.7265,1.1367,0.82306,4.2473,0.087567,1.3608,0.76139,1.1029,0.2931,-0.30751,-1.5811,2.2095,0.54824,-0.58819,2.8853,3.1427
0.15955,-0.0098158,2.7839,0.28034,1.7832,-1.2679,-0.38947,-0.79202,0.44492,0.22662,1.1151,2.0029,5.0206,-0.10403,1.0157,0.87226,-0.71165,3.3033
-0.19338,0.12933,7.8785,3.103,-0.47616,1.2089,2.6088,1.0347,1.0591,-0.093383,1.4621,-0.0037414,4.6762,0.54939,1.5812,1.9151,1.0654,-0.34844
0.69362,0.029108,6.2685,-0.26263,1.1635,0.066419,3.5469,0.90992,0.65249,1.1979,0.33413,0.004762,4.5806,3.042,1.1063,6.6034,-0.49115,4.7055
1.5693,-0.17065,-2.7822,0.74864,1.3391,1.8085,-0.54449,-0.52912,0.7415,0.44429,-0.17867,0.92872,2.1805,1.7845,-0.34593,7.4666,2.76,2.77
1.4411,0.24806,1.7866,0.7104,0.75044,9.2797,-0.2239,0.23629,-0.12203,0.20399,0.15529,0.68251,-1.4343,0.34408,1.4421,-3.1434,-0.65294,1.225
1.6096,0.71966,1.832,0.83456,-0.20627,4.7074,5.9523,0.49018,0.43883,-0.56735,0.84831,-0.3253,4.548,0.98962,0.19685,-0.5273,1.414,4.4157
0.034436,-0.43547,2.2783,0.18002,-0.38338,3.7203,2.2568,-0.51262,0.40162,0.55242,-0.25968,-0.21086,5.4105,-1.6135,-0.35566,-2.0607,1.5868,3.4084
0.60474,-0.091158,7.8806,0.92245,0.8588,1.3124,2.6255,-0.046762,0.34131,0.80112,0.87399,-0.15171,3.9651,0.65832,1.5717,2.7236,0.23202,3.2586
0.86208,-0.41936,-1.1309,1.1567,1.2294,4.1274,1.4158,0.94195,0.20851,0.15013,-0.4814,-0.069956,2.3022,2.4807,0.71221,8.467,-0.062079,-0.72696
1.5481,1.6811,2.9707,1.7686,-0.17828,-1.4048,2.7685,-0.63218,0.56368,-0.35654,-0.21225,0.76616,2.8108,4.3025,-0.15267,8.2702,0.58932,-0.69745
-0.75016,0.77515,-1.7034,0.77421,0.76941,-2.9457,-1.3399,-0.58389,0.14405,0.46593,1.3157,1.5891,-2.4534,2.4025,2.4575,-2.9984,1.2889,-0.15593
2.6403,-0.43026,6.996,1.3474,1.9675,-2.8446,5.2835,0.76234,0.40404,0.1536,0.051154,1.6169,2.4418,6.1164,2.6995,4.2094,0.97482,-0.7587
3.5147,-0.0906,2.9626,1.2527,-0.29507,7.205,4.7105,-0.21674,0.04443,-0.17435,0.80106,2.7177,1.1046,-0.48975,2.3511,7.7822,0.91557,1.1736
3.9011,0.29961,-0.55406,2.8011,1.4147,5.4925,3.0665,0.51339,0.14479,0.084925,0.1839,4.1719,8.0086,-0.66207,-0.46934,5.2263,1.1542,0.10113
3.1056,1.7324,3.2422,-0.742,0.58847,2.9395,1.0022,0.10542,0.68674,-0.0081632,2.5728,-0.88674,2.3556,6.111,1.4341,0.86773,1.1009,2.5363
-0.77189,1.1295,7.7217,3.9767,-0.41638,9.1066,5.8103,1.3697,0.10107,0.25302,1.849,-0.84576,5.05,-0.46632,0.86403,6.9269,0.84426,2.3885
-0.22929,1.1185,-0.13829,5.2393,-0.22188,7.7609,1.3343,-0.66887,0.17506,0.37541,1.418,0.21666,8.0016,5.1518,2.9621,-1.5523,-0.16713,-1.9018
0.63088,0.56003,5.7463,1.6546,1.2171,6.5351,0.16458,2.5705,0.025345,0.20153,2.9133,3.0764,5.4028,-0.22675,1.9724,0.91549,0.058163,3.661
-0.35483,-0.15573,8.0268,1.844,0.75909,2.0372,-1.7699,1.238,-0.001268,0.19917,1.8778,4.2653,0.27339,1.7225,1.5562,8.0465,0.14381,-0.15522
-0.37423,-0.060842,2.392,-0.58531,1.3696,5.2863,-1.6434,-0.35323,0.033338,-0.11743,1.1556,-1.4237,5.6061,0.072575,2.4734,1.6073,-0.25049,1.6974
1.4028,0.26085,7.7134,0.81683,1.6247,9.0491,-0.54962,-0.51905,-0.17216,-0.19737,1.8997,3.8116,2.0998,4.2625,-0.91016,1.5257,0.58635,3.3856
0.32257,1.1952,8.0483,1.0676,-0.43355,-0.63086,5.5554,0.59885,0.20489,-0.075481,2.308,2.8884,-2.5949,1.1159,-0.18012,-2.9596,1.0743,1.0871
0.26596,0.49237,3.8343,-0.65204,2.7872,2.9842,0.9076,1.7187,0.27794,0.079925,1.5544,-0.74561,-2.6977,-0.65123,1.0167,-1.8226,0.3708,7.0201
1.2568,0.97882,7.4393,2.2846,-0.73291,7.377,4.4682,2.6354,0.018551,0.052652,0.7403,0.64319,-0.99829,0.28589,-0.61951,3.1183,0.14432,5.5309
2.722,1.8787,-1.7057,3.7022,0.30662,-1.3743,2.7198,-1.0697,0.41499,-0.0061309,1.0577,1.7623,-0.81306,0.62946,-0.99421,-2.8224,1.0253,1.8058
1.0954,1.7915,2.8887,-0.87055,2.3352,2.5918,0.25611,1.3687,0.20647,0.036761,1.8424,-0.84244,6.2411,-1.9015,1.5062,-1.6457,0.52779,2.0313
2.1102,-1.1648,1.3962,0.38856,0.6527,6.3183,2.5396,0.24358,-0.085947,-0.013179,2.7999,2.5823,5.2634,-1.7256,0.96362,-0.31127,0.0057792,-0.70037
0.62116,3.0628,0.52791,0.90903,2.2042,5.0595,4.0258,0.0095489,0.68685,-0.013219,-0.0065037,3.6628,-2.608,0.043719,0.61127,4.2161,-0.06312,-2.1849
2.2609,-0.089624,-2.2492,2.9103,2.0517,9.0225,-0.15217,0.39332,0.21818,0.21813,1.2288,1.7925,-1.1972,2.6157,-0.48044,-2.919,-0.051713,4.5626
3.3164,2.079,-0.43402,0.21015,2.6117,3.5162,2.5494,3.1838,0.99273,-0.11572,3.8256,1.1821,2.5803,2.4948,-0.48933,3.6968,0.092825,7.5284
3.3319,1.863,2.831,3.4089,2.2489,-0.87279,-0.86972,2.1389,-0.16908,0.24669,-1.0348,0.17071,5.9315,2.0041,-0.70655,3.8653,0.16394,-0.2947
-1.0796,1.7292,4.8211,0.48591,-0.45756,-2.0571,3.2292,2.044,0.7483,0.50464,1.3045,0.56041,-0.55115,1.5795,3.1155,4.2568,0.53223,-1.0641
0.79541,2.4808,-0.091181,4.2608,0.61168,10.122,0.73538,3.105,1.2925,-0.01255,3.1035,0.46584,1.1697,1.5696,2.6363,-2.4298,0.47902,4.0747
-0.49424,4.017,-1.2797,4.0285,-0.70671,-1.2558,1.7822,1.1834,-0.22264,-0.19398,-1.1972,3.7723,4.6873,4.1399,0.81556,7.4181,0.55167,4.9034
3.7648,4.7249,3.339,4.1182,2.4774,4.0807,1.8682,3.3142,1.5298,0.14743,-0.89039,-1.1974,2.6006,5.876,1.3397,1.456,-0.23369,4.0852
1.278,-0.79951,0.21048,2.5649,-0.93533,-0.74752,-0.31085,1.6738,-0.36776,0.4039,3.6264,1.2712,1.0929,3.6037,0.077883,7.4929,0.030509,2.6499
-0.73453,0.035126,0.56481,2.9776,0.40175,11.145,-1.06,1.4258,-0.18287,0.65258,4.3357,-0.6213,3.0873,1.739,0.9413,6.8571,0.35337,-0.15401
4.3888,2.5852,8.2146,3.6141,1.6209,8.0123,-0.84114,3.951,-0.71097,0.86683,0.64386,-0.14256,5.1717,3.0185,-0.79923,-2.325,-0.14028,0.39074
3.3279,0.74438,4.7032,2.5669,3.0993,10.26,-0.38074,-0.069802,2.3285,1.3419,0.3651,4.0576,2.9717,-1.3869,0.22514,1.9529,-0.051182,4.2657
3.0214,-0.38734,4.6019,4.0345,3.6946,11.625,0.75214,3.1998,-0.30799,0.067263,1.1355,1.9431,4.6313,5.3259,1.756,-2.9258,-0.063137,2.4068
0.043259,4.9097,6.643,-1.7976,2.2691,-2.1107,2.2054,1.8483,0.85374,1.2837,0.68336,0.86307,0.65213,0.95649,2.1142,3.3633,0.24792,3.73
3.9291,0.30405,5.926,5.3921,3.047,-3.564,-1.4692,1.555,0.066601,-0.40391,4.6647,-0.22896,4.2177,-2.5497,-0.98662,0.65465,0.44835,-0.32592
0.9076,3.7926,-0.44898,-0.99263,-0.97732,0.89498,3.9395,2.3119,0.48089,0.24148,0.18659,5.508,0.97882,11.543,2.627,5.322,0.73626,0.030192
-0.42324,-0.53115,-2.3276,-1.5442,2.5862,3.77,0.34694,-0.10909,1.3056,0.015589,-0.10887,1.2366,4.6811,7.0992,0.033436,5.8842,0.66925,1.3246
1.8659,-1.8181,-0.079775,4.6688,0.094664,8.2588,-1.3136,0.943,1.6535,1.6832,-1.0528,2.2856,0.64246,11.944,1.1254,8.0662,1.1556,4.5173
-0.65784,4.1848,-2.6765,-0.77538,0.63342,7.7088,2.9307,3.0045,0.047997,1.6472,-0.92995,3.5417,-1.0168,13.697,4.3044,4.9949,-0.28664,0.42903
5.2955,5.5649,-2.4323,2.1454,3.5475,8.1651,2.7749,-0.019713,1.141,-0.59716,2.4397,1.3474,-1.01,2.117,2.0973,-1.9561,-0.51769,0.33359
2.5283,5.7408,-2.0482,-0.75256,-0.76425,7.5792,3.7084,0.86334,-0.14068,1.1089,2.2619,2.2186,3.5132,10.43,3.3526,10.069,-0.66529,3.3596
-1.3994,-1.8352,0.51614,5.528,-0.84923,6.8204,1.7319,5.0172,2.0666,0.755,1.7103,3.5345,5.1938,5.223,2.9577,2.1672,-0.21113,3.2666
3.8096,-0.41924,8.9643,0.15848,1.0948,-1.5517,0.75997,-1.2216,-0.52645,0.43394,3.4152,0.1582,1.7772,0.038989,4.6244,5.103,0.52775,-0.8046
5.0403,5.494,7.9396,3.7689,1.2498,1.9407,-0.18351,3.8518,2.3501,0.89232,1.8605,0.080789,1.9065,3.0628,3.3661,-0.90963,0.059419,1.2731
5.5873,-1.0328,-2.128,4.031,4.4505,9.4402,2.4813,0.6597,0.022057,2.0976,5.1751,-2.0953,-0.11267,-1.6085,2.6424,5.5325,-0.189,-0.44344
-1.408,-1.8143,2.4188,0.3973,5.5741,6.9159,0.961,4.1265,3.2754,3.2844,0.015573,2.6995,1.26,4.78,-0.30278,1.2941,2.6519,-1.728
-0.50212,0.94519,3.529,1.4874,1.9458,4.968,1.9732,0.56594,1.2633,2.1677,4.3278,4.6761,3.9895,5.6404,4.9407,0.37847,-0.031574,1.6814
7.1797,1.7192,-2.82,0.024125,0.87683,-1.1002,1.0514,-1.0975,2.9132,-0.12111,-0.88088,-1.7,1.4541,6.575,4.6653,4.9963,2.3952,4.8904
-2.1099,1.695,2.0857,0.12393,2.3574,6.8243,0.92148,0.065098,1.513,-0.87117,4.7751,-2.0875,-1.0414,1.4604,-1.3671,-1.5526,2.0679,-0.8301
1.8791,0.36134,-0.045134,4.2786,1.5826,4.6504,-1.0981,3.1843,2.7821,1.4445,5.0602,4.4623,2.0018,3.9228,2.1194,5.0388,2.1899,-1.3049
-1.4029,-1.8265,-0.26378,3.0638,5.6529,2.0393,-0.69307,0.67502,-0.38753,2.7712,2.7921,5.7148,1.8092,-1.5904,4.8487,6.741,-0.30126,2.5425
2.5365,5.8505,7.0749,0.76486,6.2023,6.0714,6.5493,2.0617,-0.70087,-0.55278,-0.37878,1.585,4.0779,0.65399,2.0951,2.8185,1.497,0.8126
1.5806,-0.37716,-1.1206,1.6612,0.2789,4.9398,3.9634,6.2539,-0.7686,-1.0459,-1.2286,1.5547,-0.24867,1.5402,1.0485,2.5239,-0.77616,2.3072
1.7886,-1.5845,-0.50241,5.5125,3.8213,6.3675,-0.11728,0.12936,-1.0713,3.0054,1.923,1.039,0.98031,7.0186,2.0534,7.0504,2.2884,2.4813
7.5584,1.2064,4.7395,-0.61542,3.6322,2.4792,0.1416,-1.3478,-0.69999,1.2164,0.62995,1.7277,-1.1556,-1.0751,4.6722,0.62424,1.963,-2.1019
-1.1455,4.7298,-0.096212,2.9304,3.6302,2.0901,-0.38237,-2.1878,-1.5729,4.4691,2.03,1.8146,-0.75674,-0.47779,2.6939,7.6949,-0.56627,3.6245
-0.95936,6.8677,2.1504,1.4422,3.6251,1.8586,3.9754,3.5963,1.6941,4.2981,3.9126,5.6088,4.3871,5.7091,4.9328,7.271,-0.89969,0.47149
-0.0014514,2.7609,2.096,5.9809,3.3062,0.91726,-0.05137,0.055499,-0.86041,3.8855,7.4624,6.157,-0.0060894,3.0119,1.048,6.6971,2.2562,0.16352
0.93116,-0.51638,6.48,-0.17931,6.8913,2.6299,2.4489,1.9902,-0.45695,0.19141,2.8851,-0.24625,-0.79852,3.0452,5.1393,-1.9819,1.4827,3.1706
9.0765,2.4172,-1.8058,8.5491,1.926,6.9152,3.08,0.8231,0.37893,-0.17225,7.2744,-0.99633,-0.15813,0.9622,5.8584,-1.2959,0.98371,2.2265
0.12719,-1.7477,7.459,1.8876,4.0647,10.109,2.4331,2.976,-0.70186,2.1115,6.4635,-1.9418,2.0994,1.0398,-1.1735,-2.1933,1.3231,4.4779
-2.2503,5.2089,7.7229,1.1344,2.3572,-2.8678,-1.1719,5.2141,0.15586,2.6799,7.0528,1.5107,3.1974,2.5426,6.2564,-0.65953,-0.48744,3.3831
9.973,8.1146,4.5751,-0.33044,-2.031,-0.69113,1.1744,-1.2917,-1.7175,4.0004,5.1897,-1.852,1.5724,1.9928,2.9897,0.38439,3.8883,4.6701
1.0588,7.4552,3.4163,8.2441,4.5073,0.86757,-0.059756,6.5776,2.1643,1.7554,-2.4739,4.1165,-1.4828,-1.4707,1.6434,6.3951,-0.31955,4.1183
-2.2624,7.7662,4.1248,7.1419,6.5752,1.205,8.7449,3.4458,-1.8342,0.8549,7.5815,6.881,0.91426,-2.0525,5.0603,-2.3146,-0.040361,-0.88405
0.19941,-2.7727,6.4071,5.7061,7.4953,10.289,7.6628,4.8167,-0.21009,0.046007,-1.1676,1.5951,-1.8972,1.7648,-0.37845,1.542,0.53758,6.6522
7.8765,2.7119,-1.1365,9.0699,7.3546,3.868,-2.1961,3.1619,0.92182,-1.4607,1.0834,-0.33406,5.1954,4.3928,4.6431,9.3865,-0.71323,4.7489
0.39971,1.5055,4.3629,0.86162,7.0329,-2.6455,7.2284,5.4253,0.55263,0.06076,-1.665,1.445,0.91529,8.0304,6.6955,2.1013,-1.3655,-1.254
-0.69517,-2.3671,-0.35171,2.1424,6.1476,9.7176,-0.65667,0.61019,-1.316,2.7576,5.8263,3.2266,1.4424,1.5923,3.3066,3.098,-0.74806,3.6416
0.93977,6.8207,3.25,6.042,1.0377,3.5185,-0.069539,5.8997,4.9374,3.978,4.7669,-0.69688,6.4543,6.3511,5.8846,1.7917,-0.27992,5.6683
0.3928,1.9923,2.2649,8.9269,2.6809,4.0947,0.28506,8.1703,4.4275,-1.0794,7.4762,4.4801,6.712,-1.7793,0.32337,-0.30202,2.3178,4.6616
-0.4187,1.3968,4.5335,10.109,-1.5373,-2.9382,6.6704,-0.70772,-1.4476,5.8658,4.4587,5.0976,5.2109,4.5663,1.6464,2.0875,1.6273,0.62771
-1.5905,-0.13019,5.6824,1.7366,-0.15477,8.0144,-2.544,7.0049,4.033,2.8557,3.351,3.1557,-0.68807,-1.9347,0.51782,0.24594,1.073,6.0436
-2.4956,5.1826,5.7201,5.2705,5.5891,-3.115,-0.60351,-1.2892,3.2896,-1.8095,5.5142,1.9201,0.74085,0.52796,-2.1978,6.4402,2.9836,-0.24981
3.1362,-1.4905,0.54448,4.7065,2.7148,3.5282,5.6158,2.3247,4.0831,0.76369,2.2184,5.4275,6.0073,1.2815,-1.4977,0.25783,0.92954,1.3516
2.6706,1.3857,0.32442,3.2913,-2.6385,-1.5038,0.56702,7.378,-0.38753,2.9195,4.802,-0.1218,2.6303,3.6286,7.5262,9.6463,4.3478,-2.2906
6.8416,6.4178,-0.8923,5.3214,6.9939,4.0914,1.054,-2.3671,6.4497,2.1039,4.7988,6.024,-0.5095,0.021519,2.9558,-0.69881,0.96471,0.58112
2.9915,3.5284,8.5109,5.6026,7.5522,4.8619,3.8205,8.9141,2.173,0.10746,-0.95444,0.81487,3.7705,5.4656,2.3702,-0.38908,5.342,3.5853
0.69336,5.0595,8.3123,-0.17979,7.6457,7.1593,2.292,7.2541,5.6549,2.592,7.3727,5.8536,1.0766,4.154,-1.9143,5.9819,0.1991,2.4264
6.3021,-1.612,-0.22439,0.70687,4.9422,10.173,-1.1284,2.9294,6.0164,0.0006364,5.2149,-2.3676,0.71646,1.7514,4.0933,3.0376,5.3457,2.3601
-0.96247,-2.2013,7.9696,2.0809,2.7746,3.7413,-2.1092,5.8315,1.871,6.2355,2.0335,6.7267,6.0696,0.30925,2.1848,5.1172,2.0199,2.1996
-0.74341,4.9356,-1.8632,-1.1034,9.2467,4.9375,2.5781,0.60331,-2.2676,-0.58619,-1.189,-2.7191,1.7968,6.0174,5.7601,7.6999,3.9461,4.4742
-0.85378,6.5371,0.1546,0.52996,-1.8392,7.4261,1.4024,1.9224,4.3657,6.5475,1.6909,0.43456,5.6791,3.9151,6.1719,-0.41778,3.0523,7.3112
3.8394,8.0947,4.6638,1.4563,6.6063,-3.1168,4.4625,-0.35838,3.6661,1.9255,9.2001,-1.9808,-0.22664,0.86944,7.1879,3.1475,-0.080117,3.074
2.9892,8.5519,8.3152,6.53,4.1322,9.499,-2.8599,0.37032,3.0834,2.9702,8.6125,2.424,-1.3707,5.6643,8.1895,3.0742,5.4273,6.7109
1.8784,2.8934,-1.539,-0.92455,8.2166,-1.5823,3.044,8.5557,-1.0905,2.1793,6.1622,2.8684,3.4293,5.6578,3.4982,-3.1351,0.42837,8.2941
4.3133,2.9958,8.3967,2.4684,0.62917,0.85936,-1.7204,0.97596,-2.1439,-0.072948,7.9925,-2.0989,4.5201,-0.97891,5.1884,8.6697,-1.9458,8.2005
0.3735,-0.58647,-0.54988,-1.0045,2.202,10.729,3.4706,6.4618,6.4692,3.3457,0.7909,6.5449,-2.4527,3.2208,1.081,-1.2235,-0.89428,6.4622
3.5981,0.5351,0.54273,7.0178,0.84009,7.8128,1.1428,1.341,5.431,7.1959,3.0206,5.3871,-2.4618,3.3351,3.7491,9.3783,5.6883,-2.5297
2.2376,8.5875,1.1375,6.2881,7.3054,5.5915,8.2277,2.303,3.4791,6.1536,-2.2743,3.7481,6.5621,7.6679,6.7674,6.9759,-1.8017,-0.96638
9.1027,0.28082,5.4436,5.0192,-1.9365,4.3033,0.19292,-2.6439,-1.3792,-0.80627,1.8327,0.69908,-0.15385,-2.4945,-2.3677,0.89596,-1.2611,8.0707
2.7874,4.9508,-0.13063,8.1327,2.6567,7.9953,0.20702,2.9324,-2.1617,0.355,5.3645,4.2999,5.3861,6.5195,3.2762,0.9541,0.2055,6.0463
-1.0434,4.8295,2.2866,-1.2822,-1.4545,-2.2394,2.4474,-2.8002,7.1318,6.4035,0.61996,-2.2738,-1.7585,0.44205,4.0169,-2.8277,5.6574,3.3977
3.3371,4.207,0.3665,5.9083,4.6534,11.835,3.0631,-0.60919,-1.6078,1.0351,2.8278,1.0208,-0.13519,5.3505,7.2705,6.3172,-0.99889,4.9811
-0.019838,8.4745,7.5304,-2.1394,-2.2235,6.9369,8.1861,4.8047,2.8476,7.8605,3.5703,-1.9876,-1.4307,-0.29787,1.5639,5.5382,0.16643,1.5689
-2.5202,4.0056,4.5968,8.0005,-2.0162,1.2839,-0.50595,4.297,-0.2016,-1.3535,3.2257,3.3481,1.3808,3.8229,-2.8072,2.6546,6.0006,6.5622
5.5381,1.5096,7.7075,9.0811,9.7867,9.0338,5.666,1.8039,-1.2643,3.5405,5.0221,7.4776,5.8417,5.2201,-0.19254,2.3116,7.2148,2.0934
8.9064,8.8672,5.623,-3.243,-1.9069,1.4241,8.2197,4.7573,4.1522,-0.96767,2.6471,3.3962,1.1939,-0.253,4.5041,-1.883,-2.0583,9.1549
5.6907,1.5026,0.70602,-1.5001,0.17022,1.5616,1.3755,-2.4479,-1.9628,8.0605,-1.4934,8.3875,0.95312,4.3268,-0.36488,2.8098,0.81762,-0.71497
4.1624,0.08103,6.0402,1.2456,3.1462,3.555,-2.4032,-0.067974,7.3785,-2.4276,-1.2391,1.122,-2.189,-1.2114,-0.89002,3.0328,1.4343,-1.9428
-3.0645,-1.319,-0.94878,3.5,-2.9251,1.6362,5.8043,0.13751,0.86454,5.4273,-1.5511,0.76134,3.3571,8.9318,1.2404,2.0957,6.5558,0.30526
0.42669,-1.1772,1.9363,-2.4013,3.6232,4.0738,1.6859,8.5689,-1.3653,-2.5261,7.37,1.1075,0.00056599,5.9651,5.8155,6.5344,-2.0713,4.3473
4.3486,4.1928,6.7406,-1.6816,-1.4557,0.17031,9.7489,2.0275,6.599,1.485,6.7212,4.9951,1.836,6.2676,3.195,6.4134,-1.9392,6.4876
-2.924,9.2102,2.1483,10.303,2.3437,6.3926,3.1398,-3.2678,1.9462,4.4592,5.0435,8.4521,6.0606,1.1536,-2.1432,8.2147,5.9472,2.1164
4.8277,-0.7097,-0.24862,6.33,9.5784,4.4113,5.1596,-0.60538,-1.7109,-1.9532,8.1116,7.2233,5.2466,-0.17483,4.0785,8.1024,4.6435,7.1397
3.4368,-1.4765,4.499,7.8859,10.304,13.01,4.4078,8.3583,5.2826,-1.8984,7.0425,-1.6904,3.4524,-2.2569,3.9316,-1.7006,-1.6873,-2.3752
-1.5593,-2.9795,-0.78826,6.042,-3.7123,9.6484,-2.7125,3.9823,0.66271,6.048,8.999,8.6915,7.4891,6.0272,8.9784,4.5392,0.05563,2.8889
2.1796,3.1186,0.22744,-0.75686,10.947,5.1808,-1.3631,5.8165,2.771,2.7278,4.4711,0.35501,0.76294,7.4571,4.799,1.2462,0.83846,-2.1317
3.1221,4.643,-2.0969,-0.6286,7.7713,13.841,5.8707,-3.4241,6.0184,3.8298,-1.8422,-1.426,-2.2916,-2.5746,1.6792,3.6889,3.1039,6.1855
-0.067539,6.9331,1.4164,1.348,-1.5706,-2.7671,4.7339,-1.1966,8.0874,1.881,6.4295,0.79379,0.055082,1.3614,8.603,7.998,5.5385,0.98883
3.3475,8.2681,2.2134,0.82391,3.0453,6.3102,3.9847,6.9911,1.5218,3.0223,2.1693,-2.5671,1.3444,9.2911,4.3361,8.7872,-2.0865,3.2988
5.1567,-0.17032,4.5337,10.964,-2.2642,9.1841,2.2856,10.569,0.47403,0.68972,0.23839,8.4933,3.9762,-1.3333,0.64088,7.0247,-1.375,8.8697
-3.3023,3.6006,8.6305,9.3253,8.6133,4.4603,-1.2814,-0.97816,3.4686,7.7234,-1.273,6.0046,1.3517,2.6301,-0.7906,6.6532,4.7157,5.0541
1.0488,-3.0983,0.39503,6.2204,5.6106,11.593,1.685,9.5872,1.9496,7.6454,4.6396,3.0763,5.8038,7.442,3.5488,6.5549,-0.043196,4.0001
9.9634,0.75524,8.7763,-0.42062,10.904,7.1242,0.82019,8.6043,1.9988,0.218,-1.4183,0.97836,9.0002,5.6547,0.45832,2.2511,-2.1339,9.1554
4.921,-1.0301,2.4919,7.1826,6.9591,5.3078,1.9686,-1.4651,-3.0003,-2.0243,2.8707,5.2024,3.8043,2.7193,6.0699,8.0704,5.2054,1.3758
-2.0767,-1.7769,0.40355,3.1912,10.224,2.6775,7.7914,-1.5585,2.5235,5.8527,2.3306,-3.4995,4.456,-2.6353,2.0523,7.8348,-0.15759,9.877
3.9155,8.626,4.6157,-1.3395,0.8814,2.4623,6.8319,2.8908,-2.2305,-2.6733,10.67,-1.2454,9.2037,1.0764,-1.4551,2.6709,4.2858,9.0343
0.75612,-2.5733,-1.9771,4.6573,1.6827,3.8057,7.276,-3.0066,2.3771,4.8721,-3.0412,6.2218,2.0525,1.1203,6.8964,4.5581,2.7821,9.4321
5.2732,3.6856,7.2588,-3.1266,3.7871,6.7478,-0.085078,-1.2325,-2.2384,4.3502,6.3898,7.0908,-1.2996,6.5478,-0.07331,6.6727,7.5363,2.9639
9.4457,2.7193,0.30541,3.621,-3.2273,11.615,10.325,8.6248,0.45437,4.0877,4.026,-1.5501,7.6376,8.466,0.02514,8.879,3.1899,-0.41051
8.0923,-0.44014,6.2131,8.5237,-1.1271,1.9058,4.152,0.39391,-0.39278,9.4038,4.2225,6.4312,1.028,9.1491,-0.0055971,6.6839,4.5941,3.0983
8.5315,1.8137,9.3998,-0.60573,-1.5193,-4.4417,3.0785,2.5818,3.985,9.2863,8.4727,3.4618,3.342,1.2439,-0.077004,-0.70358,1.5607,5.174
0.56478,8.3018,-0.45518,12.189,8.1826,6.7755,3.3333,-0.77093,8.9274,7.799,4.1101,-3.1675,-1.5229,0.22367,7.5879,-0.60535,-1.6075,6.054
6.6595,-2.8746,-0.77661,7.4111,-3.466,1.9444,-3.7312,7.1319,6.2328,0.62659,3.7349,8.4622,-2.1284,-2.3753,0.38027,3.3357,8.9727,5.5168
1.0238,7.037,2.5793,2.9127,9.5316,7.5356,2.7091,9.4831,1.4681,7.987,9.6698,10.043,-3.2186,-0.54287,2.1212,0.92903,-0.29694,5.1364
-1.932,1.0286,3.4402,-2.2736,11.446,7.5684,4.5659,3.1555,6.5239,3.554,5.9787,-2.0961,0.65162,4.9795,-0.31898,-0.49055,-0.93411,3.9294
-3.1599,4.5865,0.72528,-2.3673,-0.22033,1.4515,4.8762,6.0115,10.281,1.1576,9.6347,1.3026,-0.90314,-2.4564,1.6267,1.0396,-3.0554,7.2152
-2.5132,-3.2645,4.0118,-1.0434,-1.4755,6.4314,9.3497,7.8762,0.71409,-2.1818,8.4078,3.4593,-3.0052,3.2331,7.8964,1.0095,6.4424,7.5551
10.754,-1.0222,5.3367,9.4555,9.967,6.212,6.6855,-2.8311,1.4023,2.8297,-3.5917,3.5004,9.3832,-0.89041,3.521,-3.2662,8.2734,10.728
-1.0335,1.2718,9.6839,10.982,9.976,-3.1256,5.3708,7.4582,-3.0855,5.8156,9.743,9.4294,-2.6696,-0.44313,3.2838,-1.3919,0.15899,1.6556
-3.5971,4.6275,0.051451,10.908,0.76043,3.9744,-0.30305,5.6338,6.0761,1.3007,4.2485,6.7766,-0.53936,4.6283,3.589,9.9207,6.6916,2.718
-1.0079,7.1917,3.4605,10.818,-2.5487,7.6726,-0.1664,6.8131,8.7079,-2.7015,0.14252,1.3391,8.0054,7.0686,-1.8661,5.0584,7.0845,0.17834
1.0444,-3.3829,2.4678,7.8403,-3.3949,2.7013,-0.56471,1.2666,2.8979,4.1069,4.6457,10.634,5.2149,-0.064938,3.6734,5.1205,5.272,0.53248
0.6471,-1.2146,-0.93475,3.5953,2.5418,-1.608,3.5278,6.6214,0.43905,7.1937,1.1208,8.4009,1.3694,10.562,2.6531,5.7393,1.2934,0.33676
6.591,5.7809,4.862,1.4182,-3.5202,8.2473,7.8297,5.9049,5.9634,-0.34303,10.746,5.7752,5.1045,4.4236,-3.2225,-3.2999,-1.8236,-0.1669
10.545,-2.6901,4.1848,9.5298,5.6554,12.706,-2.9196,-1.518,9.3083,-1.377,6.7454,6.1686,0.34042,2.8227,3.51,5.3522,7.0868,3.2537
-1.4924,8.6535,-0.42391,-3.999,4.9938,-3.3961,6.0386,-2.6588,9.2935,2.4167,5.8877,4.722,-1.0186,1.4146,9.3983,10.434,1.0128,10.361
10.216,-1.8888,8.8033,-3.3954,4.5768,14.063,7.364,1.0081,3.117,2.6377,7.1576,-1.4728,9.4329,6.6707,0.3434,5.4382,4.9401,4.1774
2.6596,-2.7578,7.3059,11.028,0.028572,4.4046,10.455,7.304,-3.4418,9.5304,8.0791,1.4767,9.635,3.1429,-1.66,4.0063,1.697,2.4774
7.6028,-2.86,-0.88883,0.96141,6.5942,8.339,-2.6053,7.3352,-0.57777,1.4238,6.3382,5.113,4.3632,8.7528,5.159,-1.4596,-0.86445,2.8619
7.679,4.3529,1.6486,-1.342,2.9184,5.4168,11.324,9.1415,6.2125,1.2181,-2.3782,6.9885,3.5079,-0.74203,-2.2789,7.7474,-0.50113,8.7362
10.725,4.7236,4.1517,3.7603,2.9147,10.534,10.892,-1.1627,-0.71492,4.7451,2.9748,2.8375,3.44,1.4137,2.7848,-0.72796,9.4037,5.7102
2.7763,3.0823,6.9394,3.5925,6.7998,-4.0857,5.2176,0.10086,0.62465,4.5421,7.681,10.257,6.9014,-3.6315,5.522,0.089412,4.619,7.0525
4.7043,-0.82012,5.3161,6.0185,5.9385,12.374,5.4607,7.7249,4.0095,8.781,1.3593,-1.1971,-2.8251,4.561,0.30074,-3.0805,1.3731,1.1015
1.7949,0.045419,6.37,-3.0329,-3.0016,7.1636,10.523,7.4688,1.0563,-0.45133,11.292,5.2026,4.8963,0.085112,-2.4249,9.1318,-2.9787,7.7259
3.9763,9.2944,-2.7523,1.0952,-0.44111,2.0229,3.2714,-3.0006,5.2107,6.3115,-3.4682,5.1595,9.386,8.9555,2.0395,10.376,9.4989,5.7448
-3.4476,1.8097,9.0351,-3.1453,-3.6295,14.183,1.6037,6.8811,-0.16982,7.6853,11.071,3.1259,1.5619,3.2425,-2.3357,9.4675,7.4751,0.4138
-3.1049,3.3919,4.2457,11.37,-0.10659,5.9933,0.91849,5.0651,5.5151,8.2616,0.93055,1.725,5.7212,3.5436,6.2022,7.0441,0.48857,5.1964
8.5488,-3.3074,3.8312,9.8445,4.7329,10.02,10.903,10.605,-3.0785,-1.8699,6.2637,8.3595,-3.7606,3.2133,2.5628,8.8014,4.7077,5.9221
3.8123,7.7115,4.1903,2.0275,-4.01,9.3063,11.71,4.0992,4.0996,7.4095,2.256,0.6675,5.4742,-0.45387,8.9753,3.0976,7.4692,8.6795
2.3675,-1.5844,10.049,-0.76602,-3.5924,0.6369,9.5542,1.6881,4.9554,-2.7906,-0.87129,4.624,8.9337,-1.3475,5.347,-1.2615,0.87053,7.7752
10.569,9.6955,8.6972,-0.17159,6.815,12.983,9.5113,8.6507,0.54332,2.2689,-1.3708,9.7807,7.4567,7.078,5.7962,3.5758,5.6175,10.381
5.9533,3.706,-0.95493,-3.3693,6.7542,11.435,0.19411,4.7565,0.55892,-2.2333,2.9647,-3.0274,11.93,6.676,4.3816,-0.46107,0.046049,9.4668
0.17265,7.6719,6.9715,4.6574,-2.8619,3.318,2.9567,-0.18366,8.4951,6.6151,-1.9604,-1.1901,7.5064,3.2071,-2.7604,2.6781,7.82,7.8475
6.6873,5.2269,2.3245,9.6655,12.007,12.389,4.938,6.2762,1.575,7.956,-0.76321,-3.4809,4.4337,1.6991,3.1943,-1.0572,-2.9698,6.3944
6.0634,1.9978,7.9725,-0.068417,-0.0017774,11.677,8.257,5.8599,3.9678,-1.0091,-0.22228,4.9006,9.8265,5.1808,2.3082,-1.6254,4.8995,7.3956
7.9369,1.2612,1.7218,6.2394,2.5081,14.001,-1.7031,2.4312,11.333,-0.74931,7.814,2.3333,7.1301,1.9491,0.24126,-2.5943,5.8519,4.0418
6.3406,9.2264,5.8222,-2.9146,10.468,2.2052,3.4093,-0.72872,-0.31928,2.3577,8.323,8.9312,-2.8165,3.0294,4.8487,5.3387,8.5587,4.8836
6.8433,1.0828,0.13176,7.1054,9.065,8.6297,2.333,10.106,7.6772,0.3311,-2.9451,-2.7955,8.5835,-3.3324,-1.0794,-1.8737,3.1737,2.3699
2.8705,9.1653,4.3136,10.013,12.268,-2.4755,5.76,2.3527,7.1005,3.1215,8.5557,6.9247,6.3852,2.2341,6.548,-0.94035,2.1658,0.6402
0.49934,6.9231,-2.5001,5.2054,-3.916,9.1127,4.1696,0.64191,9.9365,4.9319,11.315,9.3398,-0.38812,-0.17835,0.57991,3.054,1.2221,2.7148
9.9694,11.015,0.32656,4.3999,-1.7531,7.598,2.5633,10.255,7.6539,8.8187,0.60256,0.95823,-0.057732,1.8578,6.1647,0.48423,6.2313,3.3612
2.1558,1.2648,10.498,3.7728,1.3952,6.3157,-3.1763,5.496,1.3989,2.4056,-1.9941,7.4772,11.952,-1.3397,5.946,4.7674,-2.2311,6.0151
8.1319,-1.1232,-2.7212,-3.4584,10.099,8.3687,5.9094,10.218,4.8782,3.4997,6.0457,-0.071074,-3.1911,9.0139,-0.29043,3.6542,10.907,5.2006
-2.5831,-2.8098,1.0761,8.2808,3.2591,-3.9183,9.6538,5.3828,4.588,-2.3364,2.6003,0.42687,4.3757,2.1795,3.0393,0.33523,-3.8932,-2.7277
0.77654,5.6859,-1.0231,1.319,-4.2428,13.208,8.3631,-1.9124,-3.5764,8.1134,9.5917,8.1694,1.3645,2.2289,6.3873,2.9192,6.9934,4.0146
-2.8405,8.2928,-2.8137,0.87558,8.027,-3.6394,5.8913,-0.99126,13.807,-2.347,-0.78303,10.335,2.6952,8.124,1.2206,9.9295,3.6465,-2.6143
4.1474,9.716,-2.3938,0.69446,3.8554,6.0864,3.2525,5.2014,-1.3595,4.6412,3.9212,2.7903,-3.6665,9.8245,5.1526,8.0126,6.4044,11.166
5.2874,0.8116,-1.2122,6.8839,-1.6915,10.293,3.8519,8.7066,3.7394,-1.6543,3.7724,6.1517,-1.4203,4.7076,1.0368,8.8154,10.186,-0.81707
10.341,-3.4161,9.8733,4.6578,10.36,-2.0267,0.060017,8.0892,10.782,10.021,4.1784,-1.5675,8.0922,0.95993,-0.1945,7.4311,10.987,10.58
10.483,9.7545,-1.04,1.4983,9.0515,8.0946,10.238,-2.329,11.261,9.9354,-2.8996,0.65671,11.784,11.029,5.8056,2.349,0.86001,-0.012311
0.19313,3.1491,10.305,10.275,6.2951,1.1596,6.3418,-2.8255,3.4344,10.08,8.232,-1.4298,-1.2106,-0.28613,1.5502,6.3905,-1.9439,7.3766
6.0439,6.2872,11.696,-2.0277,2.2712,-2.1546,4.0901,5.7373,1.5841,3.6245,11.178,9.0824,3.4037,7.332,11.617,2.984,1.4093,-2.0608
8.6516,4.7265,1.814,10.282,7.5865,-2.328,10.806,2.1539,6.0095,3.3362,0.030304,10.086,6.6418,6.4447,-2.024,2.071,-0.98954,-0.59507
9.2736,1.3738,10.963,5.7419,3.6085,7.4997,7.9212,10.361,6.9535,8.1843,-3.671,1.8745,2.3068,-1.5948,0.46863,5.5526,11.032,0.47231
8.7338,-1.2469,10.35,2.1901,-2.855,13.318,9.9133,0.87222,-1.0988,-0.98291,-2.5831,1.7758,0.43661,10.057,1.4005,-3.043,11.468,2.2495
8.7395,7.456,-3.5707,11.374,-2.967,-1.6574,-2.9889,3.5862,7.611,9.612,1.0095,-0.53279,10.595,2.1501,-1.0885,-1.7907,7.181,12.15
9.9643,5.2086,9.6733,-1.0954,6.4688,-3.4967,-0.36852,7.1515,9.1423,9.9362,1.3988,6.6733,-1.3961,-2.9455,2.5018,7.8137,-4.1933,5.025
4.0048,-0.24109,-2.3764,1.2767,9.2401,12.899,-3.3568,4.7295,12.876,0.44828,-0.34026,-0.81637,7.9109,5.5218,-1.8317,-2.9156,-2.5788,-4.1645
1.9296,-2.5982,1.7502,4.1888,-2.1592,13.873,6.545,9.2731,-0.62259,8.1325,0.79588,-1.1264,8.1437,6.3139,7.7391,2.3071,2.686,9.3205
0.32896,3.9053,-1.9908,11.534,2.8033,7.3013,3.4507,6.7139,2.2812,-0.89986,10.941,5.1952,-1.1814,4.3931,12.396,3.4983,2.6795,7.1508
4.0635,8.9974,0.36936,3.3825,3.7651,-4.5058,14.451,3.6789,5.985,-1.5299,5.9545,7.4598,0.14482,6.124,9.3753,-2.5625,-3.5008,5.4478
7.2903,4.8835,-0.92094,0.40588,14.212,-3.9298,13.74,7.2444,2.8058,10.624,12.78,-0.035139,4.6933,-3.2813,8.2743,-2.6432,11.362,6.1354
-3.3706,11.602,-1.067,-0.19376,0.013153,4.0605,10.794,5.3913,12.421,7.2821,8.7167,-2.0238,10.225,-1.302,1.5433,9.3084,-1.6857,7.6915
11.913,3.2984,-2.3476,10.564,1.8122,-3.892,0.81694,10.431,-1.6414,-1.6558,-3.0871,9.874,4.9564,12.525,-4.319,9.1161,1.7982,10.036
-1.636,-1.5057,3.7845,2.2935,7.2621,-1.0692,6.573,-2.6161,-4.0594,4.7381,3.4844,7.8016,0.026321,9.606,8.0664,-3.3408,3.1895,-3.9621
7.2714,-0.0045473,0.12039,1.4486,5.8129,10.502,12.161,-1.8853,7.3046,3.5027,-2.9388,10.449,8.7061,-3.7316,2.5876,-0.6977,5.701,6.8643
9.4238,8.8499,3.4187,0.23487,9.9829,10.136,6.0789,1.546,4.0688,3.4993,7.2234,5.6176,0.10864,5.7996,13.314,0.29328,-1.2959,12.757
4.2107,-2.5431,4.6307,-3.5511,13.349,7.6941,12.864,-3.4238,1.1952,8.1608,9.8638,8.2292,-2.1258,6.9254,-1.105,2.0307,11.753,-1.917
13.123,-1.3639,0.70568,-2.4656,-4.1915,9.2716,8.3058,3.2768,10.455,5.2888,5.5246,8.0046,2.3694,11.757,-2.3455,0.30939,11.233,9.2922
-0.60043,11.687,3.4845,6.7926,0.1681,12.212,12.925,6.7788,13.799,6.1698,0.57172,6.126,9.8374,-2.0944,3.4926,10.153,-0.16131,11.377
10.76,-0.087622,-2.9186,10.575,-4.127,13.126,0.020508,-0.30063,10.29,9.5735,13.08,6.3905,5.7828,-0.92687,-3.285,8.5693,9.431,11.644
12.19,6.2876,-3.2784,-2.3609,-1.3877,-0.95019,11.597,6.9704,-3.3103,0.94758,12.186,-1.1471,4.0367,12.52,10.051,-1.6985,-3.4952,-4.4248
13.928,5.6649,0.98906,13.877,0.91144,4.4485,13.359,-2.7784,7.5805,9.9348,7.4077,9.6339,5.5498,0.63242,-1.1861,9.4911,1.0211,-0.10948
11.507,8.8021,-3.7007,3.3488,11.184,5.7427,2.9441,10.854,5.6926,6.2573,3.1562,0.86932,2.207,8.5415,12.705,3.6181,13.096,12.086
1.2606,-0.7835,6.6121,9.869,4.0316,3.0131,12.397,-1.436,8.318,7.9256,-1.2135,10.56,6.0032,-4.0408,2.7896,10.1,0.10625,11.905
12.588,2.1057,8.0169,9.0856,2.2428,5.094,-0.25112,8.9456,2.0451,4.7344,-2.3497,2.6873,10.808,2.8236,2.4579,-0.94703,-2.3719,0.84542
11.976,4.853,3.5123,1.3229,0.049759,13.291,-4.5152,-0.95579,-1.9656,0.02333,13.673,-0.23002,11.801,-2.1132,13.901,0.28265,9.498,5.2882
-1.5549,-3.3879,10.458,-1.8368,2.9928,-4.7498,12.516,0.4955,8.2215,0.44464,13.064,4.6068,5.2311,11.602,12.915,3.5969,8.8074,3.8188
-2.1805,1.2902,-1.7818,14.594,-0.29895,6.0657,4.7004,7.712,4.8551,-3.4528,12.84,11.49,9.7774,-0.85169,4.9994,-3.9193,12.809,-2.2732
-0.66285,10.507,-0.14811,-2.0238,13.547,0.11367,14.502,-0.78444,14.907,1.898,3.7329,9.0525,6.7922,-3.5841,8.2009,2.4083,0.56776,8.0749
2.3207,8.9389,12.564,13.802,11.745,8.521,7.4481,6.7984,4.2909,11.248,10.916,12.231,2.1681,6.8993,-4.3087,7.1669,3.2663,4.4565
2.4742,-0.55002,8.7211,1.0087,14.784,10.681,2.4577,0.68756,8.7195,-3.4557,11.917,-3.6742,-3.7843,5.4281,12.172,6.8187,5.6512,0.21866
12.203,9.6784,-3.0199,7.7361,-4.0258,5.118,10.708,5.9029,13.727,-2.3423,2.2643,7.7969,5.8601,11.572,9.233,-3.8084,6.0159,-4.3248
3.8147,-3.4955,4.6774,-3.3136,-4.6013,3.9148,10.336,5.6606,15.755,7.8185,-2.0744,10.551,8.3498,10.185,0.095808,8.8296,12.071,0.84157
-4.005,2.3603,11.87,4.7835,5.4081,6.8917,12.544,9.3085,-2.9904,5.59,1.1187,2.5584,6.745,-1.6233,12.596,-1.4526,1.8949,-3.918
8.2229,11.364,6.7301,10.479,6.6183,2.5781,-3.9594,10.337,11.078,1.6448,-3.9011,6.8177,-1.4822,9.5065,9.4183,3.3199,7.9789,9.9555
11.038,7.9778,9.1862,15.08,7.0245,8.8648,7.7589,8.1332,0.50279,2.1775,-4.6759,-1.7709,1.8278,12.715,-4.2434,11.004,-3.9208,5.1788
1.7521,-2.5367,-2.7337,9.5524,16.966,8.408,-1.0564,0.57095,-4.9663,1.1567,3.9255,10.741,4.3352,-3.6599,10.218,2.3914,-2.1017,9.3645
-2.4481,3.3418,2.215,-4.0865,-2.0135,12.515,6.1311,-3.1248,16.456,-2.0251,-1.4463,5.1049,12.757,-2.7739,0.94269,8.667,1.3445,11.566
13.365,6.7388,5.241,-1.3931,13.641,11.508,1.4386,3.2392,2.4852,6.5801,-1.1576,3.5601,8.4861,-4.0513,0.8985,-2.7496,11.072,7.0964
9.5912,7.4816,-0.32427,2.315,0.54241,-0.93099,0.079657,11.734,12.59,3.8602,4.2223,-2.9371,6.8529,10.697,-3.7251,-2.4928,2.2085,6.0818
13.475,-0.073853,8.2413,14.157,8.9073,-4.0801,13.355,-0.36344,6.5817,-2.0682,13.345,0.87255,1.6754,9.8011,8.7966,1.3929,7.0394,4.5127
1.346,11.021,4.8629,-4.8035,11.773,2.2053,-3.8802,10.756,11.716,1.759,12.886,8.8202,12.875,-4.1531,12.929,3.3047,7.3672,-0.24688
6.9266,5.3829,2.289,13.514,17.323,0.14991,-2.4311,-1.1523,11.379,-2.9368,8.0953,6.6703,-1.41,11.604,3.1822,10.896,3.7656,9.7634
10.35,10.218,13.393,14.692,15.793,1.9828,-4.9144,1.5127,2.7849,0.45645,3.2263,4.761,2.586,6.5831,0.25339,10.594,-3.1599,-4.2463
11.503,12.196,-3.5168,-0.2279,5.9953,16.008,4.6698,6.7531,5.9893,-1.753,-1.1836,7.1495,-2.5076,6.5471,5.6795,-4.0943,10.893,5.4484
-1.5674,-4.788,-3.9867,8.7762,16.046,-5.4425,-1.501,4.1169,12.646,-0.19245,-0.39517,10.08,-0.92839,8.1213,-3.3833,-2.2954,0.5084,3.3822
-4.2642,4.17,8.4236,13.647,14.051,1.1202,10.04,1.5624,8.2658,3.6237,12.206,11.19,3.0323,5.1091,4.8884,8.5702,5.51,13.354
6.3241,9.4122,4.2795,-0.70589,1.6203,10.104,-2.7877,4.8757,4.0697,0.30492,-1.9443,10.698,-3.8631,-0.49769,1.9472,10.77,-0.44382,15.014
9.8086,9.4927,-4.8631,9.2117,3.7164,10.303,4.8683,9.3492,-1.8544,11.27,14.743,9.7681,10.529,-3.3445,12.591,-1.3777,11.277,3.0992
6.5156,2.0251,3.1682,12.065,16.602,-1.4029,-2.9272,4.874,10.101,1.3322,3.7549,5.2263,1.2105,-3.8289,10.346,-2.899,7.593,7.9049
-1.9861,1.2228,2.3055,3.5537,-3.8011,11.798,5.9592,-1.8727,6.2373,3.7708,11.125,13.387,11.832,7.1087,12.05,10.824,8.5071,10.935
7.8573,0.94037,2.8731,13.92,1.184,15.208,-3.2069,-1.7649,-2.6741,-4.0643,15.427,-0.43934,8.4097,8.0326,10.751,2.4834,15.196,-0.799
6.8344,4.2096,16.805,0.70945,-2.9214,3.6998,9.746,13.127,-2.6582,3.4752,9.2732,11.416,12.103,14.012,8.257,-2.4116,-2.6834,5.1781
8.2145,1.7077,-4.6067,14.554,12.029,7.1382,-1.8457,-1.0956,7.0442,2.6793,6.6748,10.515,10.879,-3.7924,5.4923,-4.823,-2.5487,3.9937
-5.2881,2.9894,-3.2038,-2.315,-3.1422,6.9621,-4.5248,14.023,-3.3013,2.9355,8.4764,8.2285,14.084,5.789,-0.0037281,-2.9341,-3.9841,6.853
15.188,8.8595,16.247,0.011576,17.054,2.4225,7.2631,8.8132,13.268,-0.90299,-2.2721,1.4301,13.743,10.545,0.50876,5.2269,-4.2267,0.69331
7.9913,6.4411,4.0408,20.026,9.8089,-3.7162,-4.891,5.2579,10.944,2.061,-5.1064,4.728,1.4373,9.0949,5.4198,-4.7728,5.8299,14.77
-3.8946,6.4885,18.317,17.348,8.2417,15.285,12.793,-5.1852,-3.4269,-2.705,1.6564,1.7448,15.885,2.0903,-2.6631,14.798,2.7494,8.894
11.692,8.6653,18.404,10.785,15.238,9.3809,4.7467,14.29,13.918,11.492,-3.9463,-1.7833,13.63,5.6627,-4.0438,2.7997,-4.099,15.385
4.729,-4.9247,16.381,10.751,19.427,17.185,15.036,2.7054,-5.6526,13.852,7.6919,5.3934,10.647,-4.1891,-5.2147,10.095,13.433,-2.2749
1.2989,-4.3109,15.574,1.2759,19.852,-6.1522,5.8535,2.943,4.7978,-0.35729,6.8795,3.5728,-2.6352,8.2083,6.5311,-5.3987,10.084,2.4715
3.9473,5.2266,-1.2665,14.581,6.0619,11.733,1.1702,-5.5113,6.3947,6.1283,-0.95372,13.464,1.8413,-3.9721,5.2226,15.725,1.2511,3.4983
8.945,5.8463,11.072,15.341,17.29,4.7595,-1.7321,11.31,7.5394,6.8302,-3.2874,-4.4249,4.8636,9.4203,16.785,-1.6401,3.2563,-3.7166
17.989,7.2554,3.4188,17.109,15.836,10.373,-1.8393,9.0934,-5.2262,11.117,10.018,-1.6037,-2.0659,7.6009,0.81237,14.817,13.129,13.16
13.978,-1.4841,13.46,-0.96087,17.322,4.8819,8.952,4.0663,-0.56431,7.8013,10.272,-1.8982,0.083168,6.3383,-4.9348,0.68259,0.51304,-4.2265
12.422,13.563,-5.789,10.419,-2.8801,-1.4251,-5.6772,10.493,5.097,6.2676,-3.4811,-0.86484,-1.0635,6.9549,14.201,-3.0313,-0.49885,15.664
-2.6815,17.997,8.8735,12.041,18.366,2.8807,6.6469,-4.4122,-1.2482,-2.8835,1.7096,0.17345,-0.26322,13.069,-5.0005,13.293,-0.95212,7.1232
7.9403,15.435,-5.0463,13.183,15.432,-2.494,9.9085,-3.4778,1.0937,4.3901,11.054,9.0477,6.7688,2.4186,10.687,0.086047,13.073,-2.3715
0.37624,-1.4176,4.6754,-5.9011,15.146,5.0962,1.7148,4.5999,16.438,0.34527,0.92013,-0.17897,4.4561,5.9362,-2.7946,0.10803,-3.3928,9.4732
13.437,11.898,14.304,18.505,11.573,-5.1538,7.9557,2.0408,6.4915,13.021,-2.653,-4.2541,8.5426,12.588,-0.075633,8.1814,-2.953,13.79
16.694,1.4859,14.23,10.162,18.143,-0.04596,16.386,1.6573,13.392,9.0027,3.5365,6.1011,14.711,11.533,3.5391,11.758,-3.923,7.8118
-0.51144,9.2738,9.8629,10.17,-1.1278,11.276,10.304,12.094,-3.7691,4.8746,11.736,0.69733,12.418,-4.8115,-3.8991,11.607,12.103,1.8566
-2.5622,-3.1536,-4.7176,14.716,16.556,12.27,15.925,8.6851,7.7615,1.4547,6.7452,12.247,12.808,4.9077,0.34095,-0.12482,12.052,-1.8787
12.37,10.233,13.328,9.7262,17.001,10.754,-0.40759,-2.8687,6.4298,12.766,-2.5611,-1.8685,13.852,4.278,-4.4235,7.8413,0.2991,-0.78638
19.408,17.321,3.3449,10.687,0.0296,13.943,4.6574,14.384,14.714,4.7348,13.195,1.9511,1.505,-2.4093,11.096,0.69304,9.8328,5.5467
1.4602,9.8722,7.0331,2.1531,3.7075,8.541,4.7008,7.3021,9.2989,2.6348,7.0098,5.3006,8.2936,8.1631,1.5761,-3.4013,8.6818,-3.7665
-1.528,15.47,16.375,0.15485,0.80828,-0.79773,-0.32242,1.0979,11.182,0.92058,6.9539,13.388,-2.6265,6.5544,-4.6786,0.93475,8.8922,-4.7853
-5.9315,12.928,8.0764,16.052,7.553,10.505,4.1663,10.156,-4.389,6.1621,7.96,2.4203,-1.737,4.2656,13.258,-1.7451,1.4833,6.198
12.832,9.9504,6.6391,19.449,20.953,7.5541,17.093,8.533,9.4609,8.5878,1.6959,-0.22381,-2.086,13.647,1.8073,13.651,13.695,-3.725
2.5094,7.8277,1.4077,17.656,18.826,11.495,0.72364,6.7067,7.166,10.609,-4.2161,1.6484,1.2458,6.2992,-2.7809,-4.3083,10.806,3.3715
16.982,2.9033,-3.4582,4.3887,12.426,5.1156,2.6709,12.184,-1.3028,9.0749,2.0739,-2.7722,9.9559,-0.67865,12.351,4.4996,11.673,12.078
7.5355,-2.8284,0.10982,-2.7633,17.939,13.896,10.823,-1.145,-3.0325,3.9224,6.897,2.8617,5.4102,3.6696,2.8097,-0.55017,-3.2496,7.6493
12.007,0.56052,7.349,9.3878,11.253,5.5921,-3.6581,0.73006,-2.2608,7.7266,7.8309,7.4946,1.9003,-0.25281,4.5164,2.7418,4.5708,-5.3735
